-- phpMyAdmin SQL Dump
-- version 3.4.10.1deb1
-- http://www.phpmyadmin.net
--
-- Host: localhost
-- Generation Time: Dec 21, 2012 at 08:00 PM
-- Server version: 5.5.24
-- PHP Version: 5.3.10-1ubuntu3.2

SET SQL_MODE="NO_AUTO_VALUE_ON_ZERO";
SET time_zone = "+00:00";


/*!40101 SET @OLD_CHARACTER_SET_CLIENT=@@CHARACTER_SET_CLIENT */;
/*!40101 SET @OLD_CHARACTER_SET_RESULTS=@@CHARACTER_SET_RESULTS */;
/*!40101 SET @OLD_COLLATION_CONNECTION=@@COLLATION_CONNECTION */;
/*!40101 SET NAMES utf8 */;

--
-- Database: `test.learntosaveup`
--

-- --------------------------------------------------------

--
-- Table structure for table `account`
--

CREATE TABLE IF NOT EXISTS `account` (
  `id` int(11) NOT NULL AUTO_INCREMENT,
  `created_at` timestamp NOT NULL DEFAULT CURRENT_TIMESTAMP,
  `user_id` int(11) NOT NULL,
  `account_type_id` int(11) NOT NULL,
  `name` varchar(100) NOT NULL,
  `currency_id` int(11) NOT NULL,
  `initial_balance` double(11,2) NOT NULL DEFAULT '0.00',
  `actual_balance` double(11,2) NOT NULL DEFAULT '0.00',
  `status` tinyint(2) NOT NULL DEFAULT '0',
  PRIMARY KEY (`id`),
  KEY `fk_account_currency_1` (`currency_id`),
  KEY `fk_account_user_1` (`user_id`),
  KEY `fk_account_account_type_1` (`account_type_id`)
) ENGINE=InnoDB  DEFAULT CHARSET=utf8 AUTO_INCREMENT=19 ;

--
-- Dumping data for table `account`
--

INSERT INTO `account` (`id`, `created_at`, `user_id`, `account_type_id`, `name`, `currency_id`, `initial_balance`, `actual_balance`, `status`) VALUES
(1, '2012-03-31 20:11:35', 7, 1, 'Kézpénz', 37, -25174.00, -47400.00, 1),
(2, '2012-03-31 20:43:04', 7, 1, 'Pénztárca', 37, 0.00, 15470.00, 1),
(4, '2012-03-31 20:43:35', 7, 2, 'PayPal', 37, 0.00, 0.00, 1),
(5, '2012-03-31 20:44:15', 7, 4, 'New York trip', 37, 0.00, 0.00, 1),
(6, '2012-03-31 22:41:37', 7, 4, 'Megtakarítás', 37, 0.00, 390000.00, 1),
(7, '2012-04-09 13:06:13', 7, 1, 'Későbbi kiadások', 37, 0.00, 0.00, 1),
(12, '2012-04-12 01:26:29', 7, 1, 'Erzsébet utalvány', 37, 0.00, 2100.00, 1),
(13, '2012-04-12 01:26:34', 7, 2, 'OTP', 37, 0.00, 9846.00, 1),
(14, '2012-07-16 06:27:34', 10, 1, 'Cash', 92, 100.00, 100.00, 1),
(15, '2012-09-22 11:11:11', 11, 1, 'Kézpénz', 37, 10000.00, 13600.00, 1),
(16, '2012-10-02 20:23:38', 11, 2, 'Checking', 37, 30000.00, 30000.00, 1),
(17, '2012-10-02 20:23:57', 11, 4, 'Megtakarítás', 37, 50000.00, 50000.00, 1),
(18, '2012-10-02 20:24:14', 11, 3, 'OTP kártya', 37, 10000.00, 10000.00, 1);

-- --------------------------------------------------------

--
-- Table structure for table `account_type`
--

CREATE TABLE IF NOT EXISTS `account_type` (
  `id` int(11) NOT NULL AUTO_INCREMENT,
  `name` varchar(50) NOT NULL,
  PRIMARY KEY (`id`)
) ENGINE=InnoDB  DEFAULT CHARSET=utf8 AUTO_INCREMENT=5 ;

--
-- Dumping data for table `account_type`
--

INSERT INTO `account_type` (`id`, `name`) VALUES
(1, 'Cash'),
(2, 'Checking'),
(3, 'Credit Card'),
(4, 'Savings');

-- --------------------------------------------------------

--
-- Table structure for table `category`
--

CREATE TABLE IF NOT EXISTS `category` (
  `id` int(11) NOT NULL AUTO_INCREMENT,
  `created_at` time DEFAULT NULL,
  `user_id` int(11) DEFAULT NULL,
  `name` varchar(255) NOT NULL,
  `root` int(11) DEFAULT NULL,
  `lft` int(11) NOT NULL,
  `rgt` int(11) NOT NULL,
  `level` int(11) NOT NULL,
  PRIMARY KEY (`id`),
  KEY `fk_category_user_1` (`user_id`),
  KEY `root` (`root`,`lft`,`rgt`,`level`)
) ENGINE=InnoDB  DEFAULT CHARSET=utf8 AUTO_INCREMENT=74 ;

--
-- Dumping data for table `category`
--

INSERT INTO `category` (`id`, `created_at`, `user_id`, `name`, `root`, `lft`, `rgt`, `level`) VALUES
(1, NULL, 7, 'All', 1, 1, 128, 1),
(3, NULL, 7, 'Tesco', 1, 8, 9, 4),
(4, NULL, 7, 'Food', 1, 4, 11, 2),
(5, NULL, 7, 'Fitness', 1, 2, 3, 2),
(6, NULL, 7, 'Lunch', 1, 5, 6, 3),
(7, NULL, 7, 'Clothing', 1, 12, 13, 2),
(8, NULL, 7, 'Ruházat', 1, 14, 15, 2),
(9, NULL, 7, 'To wallet', 1, 16, 17, 2),
(10, NULL, 7, 'Sallary', 1, 18, 19, 2),
(11, NULL, 7, 'To OTP', 1, 20, 21, 2),
(12, NULL, 7, 'Premium', 1, 22, 23, 2),
(13, NULL, 7, 'To Savings', 1, 24, 25, 2),
(14, NULL, 7, 'Public transportation', 1, 26, 27, 2),
(15, NULL, 7, 'Holiday', 1, 28, 29, 2),
(16, NULL, 7, 'From Bank', 1, 30, 31, 2),
(17, NULL, 7, 'Gift', 1, 32, 33, 2),
(18, NULL, 7, 'Grocery', 1, 7, 10, 3),
(19, NULL, 7, 'Breakfast', 1, 34, 35, 2),
(20, NULL, 7, 'Dinner', 1, 36, 37, 2),
(21, NULL, 7, 'Public Transport', 1, 38, 39, 2),
(22, NULL, 7, 'Pharmacy', 1, 40, 41, 2),
(23, NULL, 7, 'Phone', 1, 42, 43, 2),
(24, NULL, 7, 'Buxfer', 1, 44, 45, 2),
(25, NULL, 7, 'Shopping » Grooming', 1, 46, 47, 2),
(26, NULL, 7, 'Iwebs Office', 1, 48, 49, 2),
(27, NULL, 7, 'Rent', 1, 50, 51, 2),
(28, NULL, 7, 'Home Improvement', 1, 52, 53, 2),
(29, NULL, 7, 'To Mums', 1, 54, 55, 2),
(30, NULL, 7, 'Community fee', 1, 56, 57, 2),
(31, NULL, 7, 'Electronics', 1, 58, 59, 2),
(32, NULL, 7, 'Shipping', 1, 60, 61, 2),
(33, NULL, 7, 'Furniture', 1, 62, 63, 2),
(34, NULL, 7, 'From savings', 1, 64, 65, 2),
(35, NULL, 7, 'Balance', 1, 66, 67, 2),
(36, NULL, 7, 'Electricity', 1, 68, 69, 2),
(37, NULL, 7, 'University', 1, 123, 124, 3),
(38, NULL, 7, 'Party', 1, 70, 71, 2),
(39, NULL, 7, 'Internet', 1, 72, 73, 2),
(40, NULL, 7, 'Hair', 1, 74, 75, 2),
(41, NULL, 7, 'Personal Care', 1, 76, 77, 2),
(42, NULL, 7, 'Water fee', 1, 78, 79, 2),
(43, NULL, 7, 'Web & IT', 1, 80, 81, 2),
(44, NULL, 7, 'To Paypal', 1, 82, 83, 2),
(45, NULL, 7, 'Financial Services', 1, 84, 85, 2),
(46, NULL, 7, 'Taxi', 1, 86, 87, 2),
(47, NULL, 7, 'Cafe', 1, 88, 89, 2),
(48, NULL, 7, 'Unpaid Holiday', 1, 90, 91, 2),
(49, NULL, 7, 'Games', 1, 92, 93, 2),
(50, NULL, 7, 'Gifts', 1, 94, 95, 2),
(51, NULL, 7, 'Cinema', 1, 96, 97, 2),
(52, NULL, 7, 'Usoft', 1, 98, 99, 2),
(53, NULL, 7, 'Doctor', 1, 100, 101, 2),
(54, NULL, 7, 'From mums', 1, 102, 103, 2),
(55, NULL, 7, 'Fuck', 1, 104, 105, 2),
(56, NULL, 7, 'To cash', 1, 106, 107, 2),
(57, NULL, 7, 'Efott', 1, 108, 109, 2),
(58, NULL, 7, 'Books', 1, 110, 111, 2),
(59, NULL, 7, 'Entertainment', 1, 112, 113, 2),
(60, NULL, 7, 'Date', 1, 114, 115, 2),
(61, NULL, 7, '', 1, 116, 117, 2),
(62, NULL, 7, 'Dentist', 1, 118, 119, 2),
(63, NULL, 7, 'English course', 1, 121, 122, 3),
(64, NULL, 7, 'Education', 1, 120, 125, 2),
(65, NULL, 7, 'Travel', 1, 126, 127, 2),
(66, NULL, 11, 'All', 66, 80, 80, 1),
(67, NULL, 11, 'Fizetés', 66, 66, 67, 2),
(68, NULL, 11, 'Albérlet', 66, 69, 70, 3),
(69, NULL, 11, 'Rezsi', 66, 71, 72, 3),
(70, NULL, 11, 'Lakás kiadások', 66, 68, 73, 2),
(71, NULL, 11, 'Könyvek', 66, 74, 75, 2),
(72, NULL, 11, 'BKV', 66, 78, 79, 2),
(73, NULL, 11, 'Tömegközlekedés', 66, 76, 77, 2);

-- --------------------------------------------------------

--
-- Table structure for table `country`
--

CREATE TABLE IF NOT EXISTS `country` (
  `id` int(11) NOT NULL AUTO_INCREMENT,
  `iso` char(2) NOT NULL,
  `name` varchar(80) NOT NULL,
  `printable_name` varchar(80) NOT NULL,
  `iso3` char(3) DEFAULT NULL,
  `numcode` smallint(6) DEFAULT NULL,
  PRIMARY KEY (`id`)
) ENGINE=InnoDB  DEFAULT CHARSET=utf8 AUTO_INCREMENT=240 ;

--
-- Dumping data for table `country`
--

INSERT INTO `country` (`id`, `iso`, `name`, `printable_name`, `iso3`, `numcode`) VALUES
(1, 'AF', 'AFGHANISTAN', 'Afghanistan', 'AFG', 4),
(2, 'AL', 'ALBANIA', 'Albania', 'ALB', 8),
(3, 'DZ', 'ALGERIA', 'Algeria', 'DZA', 12),
(4, 'AS', 'AMERICAN SAMOA', 'American Samoa', 'ASM', 16),
(5, 'AD', 'ANDORRA', 'Andorra', 'AND', 20),
(6, 'AO', 'ANGOLA', 'Angola', 'AGO', 24),
(7, 'AI', 'ANGUILLA', 'Anguilla', 'AIA', 660),
(8, 'AQ', 'ANTARCTICA', 'Antarctica', NULL, NULL),
(9, 'AG', 'ANTIGUA AND BARBUDA', 'Antigua and Barbuda', 'ATG', 28),
(10, 'AR', 'ARGENTINA', 'Argentina', 'ARG', 32),
(11, 'AM', 'ARMENIA', 'Armenia', 'ARM', 51),
(12, 'AW', 'ARUBA', 'Aruba', 'ABW', 533),
(13, 'AU', 'AUSTRALIA', 'Australia', 'AUS', 36),
(14, 'AT', 'AUSTRIA', 'Austria', 'AUT', 40),
(15, 'AZ', 'AZERBAIJAN', 'Azerbaijan', 'AZE', 31),
(16, 'BS', 'BAHAMAS', 'Bahamas', 'BHS', 44),
(17, 'BH', 'BAHRAIN', 'Bahrain', 'BHR', 48),
(18, 'BD', 'BANGLADESH', 'Bangladesh', 'BGD', 50),
(19, 'BB', 'BARBADOS', 'Barbados', 'BRB', 52),
(20, 'BY', 'BELARUS', 'Belarus', 'BLR', 112),
(21, 'BE', 'BELGIUM', 'Belgium', 'BEL', 56),
(22, 'BZ', 'BELIZE', 'Belize', 'BLZ', 84),
(23, 'BJ', 'BENIN', 'Benin', 'BEN', 204),
(24, 'BM', 'BERMUDA', 'Bermuda', 'BMU', 60),
(25, 'BT', 'BHUTAN', 'Bhutan', 'BTN', 64),
(26, 'BO', 'BOLIVIA', 'Bolivia', 'BOL', 68),
(27, 'BA', 'BOSNIA AND HERZEGOVINA', 'Bosnia and Herzegovina', 'BIH', 70),
(28, 'BW', 'BOTSWANA', 'Botswana', 'BWA', 72),
(29, 'BV', 'BOUVET ISLAND', 'Bouvet Island', NULL, NULL),
(30, 'BR', 'BRAZIL', 'Brazil', 'BRA', 76),
(31, 'IO', 'BRITISH INDIAN OCEAN TERRITORY', 'British Indian Ocean Territory', NULL, NULL),
(32, 'BN', 'BRUNEI DARUSSALAM', 'Brunei Darussalam', 'BRN', 96),
(33, 'BG', 'BULGARIA', 'Bulgaria', 'BGR', 100),
(34, 'BF', 'BURKINA FASO', 'Burkina Faso', 'BFA', 854),
(35, 'BI', 'BURUNDI', 'Burundi', 'BDI', 108),
(36, 'KH', 'CAMBODIA', 'Cambodia', 'KHM', 116),
(37, 'CM', 'CAMEROON', 'Cameroon', 'CMR', 120),
(38, 'CA', 'CANADA', 'Canada', 'CAN', 124),
(39, 'CV', 'CAPE VERDE', 'Cape Verde', 'CPV', 132),
(40, 'KY', 'CAYMAN ISLANDS', 'Cayman Islands', 'CYM', 136),
(41, 'CF', 'CENTRAL AFRICAN REPUBLIC', 'Central African Republic', 'CAF', 140),
(42, 'TD', 'CHAD', 'Chad', 'TCD', 148),
(43, 'CL', 'CHILE', 'Chile', 'CHL', 152),
(44, 'CN', 'CHINA', 'China', 'CHN', 156),
(45, 'CX', 'CHRISTMAS ISLAND', 'Christmas Island', NULL, NULL),
(46, 'CC', 'COCOS (KEELING) ISLANDS', 'Cocos (Keeling) Islands', NULL, NULL),
(47, 'CO', 'COLOMBIA', 'Colombia', 'COL', 170),
(48, 'KM', 'COMOROS', 'Comoros', 'COM', 174),
(49, 'CG', 'CONGO', 'Congo', 'COG', 178),
(50, 'CD', 'CONGO, THE DEMOCRATIC REPUBLIC OF THE', 'Congo, the Democratic Republic of the', 'COD', 180),
(51, 'CK', 'COOK ISLANDS', 'Cook Islands', 'COK', 184),
(52, 'CR', 'COSTA RICA', 'Costa Rica', 'CRI', 188),
(53, 'CI', 'COTE D''IVOIRE', 'Cote D''Ivoire', 'CIV', 384),
(54, 'HR', 'CROATIA', 'Croatia', 'HRV', 191),
(55, 'CU', 'CUBA', 'Cuba', 'CUB', 192),
(56, 'CY', 'CYPRUS', 'Cyprus', 'CYP', 196),
(57, 'CZ', 'CZECH REPUBLIC', 'Czech Republic', 'CZE', 203),
(58, 'DK', 'DENMARK', 'Denmark', 'DNK', 208),
(59, 'DJ', 'DJIBOUTI', 'Djibouti', 'DJI', 262),
(60, 'DM', 'DOMINICA', 'Dominica', 'DMA', 212),
(61, 'DO', 'DOMINICAN REPUBLIC', 'Dominican Republic', 'DOM', 214),
(62, 'EC', 'ECUADOR', 'Ecuador', 'ECU', 218),
(63, 'EG', 'EGYPT', 'Egypt', 'EGY', 818),
(64, 'SV', 'EL SALVADOR', 'El Salvador', 'SLV', 222),
(65, 'GQ', 'EQUATORIAL GUINEA', 'Equatorial Guinea', 'GNQ', 226),
(66, 'ER', 'ERITREA', 'Eritrea', 'ERI', 232),
(67, 'EE', 'ESTONIA', 'Estonia', 'EST', 233),
(68, 'ET', 'ETHIOPIA', 'Ethiopia', 'ETH', 231),
(69, 'FK', 'FALKLAND ISLANDS (MALVINAS)', 'Falkland Islands (Malvinas)', 'FLK', 238),
(70, 'FO', 'FAROE ISLANDS', 'Faroe Islands', 'FRO', 234),
(71, 'FJ', 'FIJI', 'Fiji', 'FJI', 242),
(72, 'FI', 'FINLAND', 'Finland', 'FIN', 246),
(73, 'FR', 'FRANCE', 'France', 'FRA', 250),
(74, 'GF', 'FRENCH GUIANA', 'French Guiana', 'GUF', 254),
(75, 'PF', 'FRENCH POLYNESIA', 'French Polynesia', 'PYF', 258),
(76, 'TF', 'FRENCH SOUTHERN TERRITORIES', 'French Southern Territories', NULL, NULL),
(77, 'GA', 'GABON', 'Gabon', 'GAB', 266),
(78, 'GM', 'GAMBIA', 'Gambia', 'GMB', 270),
(79, 'GE', 'GEORGIA', 'Georgia', 'GEO', 268),
(80, 'DE', 'GERMANY', 'Germany', 'DEU', 276),
(81, 'GH', 'GHANA', 'Ghana', 'GHA', 288),
(82, 'GI', 'GIBRALTAR', 'Gibraltar', 'GIB', 292),
(83, 'GR', 'GREECE', 'Greece', 'GRC', 300),
(84, 'GL', 'GREENLAND', 'Greenland', 'GRL', 304),
(85, 'GD', 'GRENADA', 'Grenada', 'GRD', 308),
(86, 'GP', 'GUADELOUPE', 'Guadeloupe', 'GLP', 312),
(87, 'GU', 'GUAM', 'Guam', 'GUM', 316),
(88, 'GT', 'GUATEMALA', 'Guatemala', 'GTM', 320),
(89, 'GN', 'GUINEA', 'Guinea', 'GIN', 324),
(90, 'GW', 'GUINEA-BISSAU', 'Guinea-Bissau', 'GNB', 624),
(91, 'GY', 'GUYANA', 'Guyana', 'GUY', 328),
(92, 'HT', 'HAITI', 'Haiti', 'HTI', 332),
(93, 'HM', 'HEARD ISLAND AND MCDONALD ISLANDS', 'Heard Island and Mcdonald Islands', NULL, NULL),
(94, 'VA', 'HOLY SEE (VATICAN CITY STATE)', 'Holy See (Vatican City State)', 'VAT', 336),
(95, 'HN', 'HONDURAS', 'Honduras', 'HND', 340),
(96, 'HK', 'HONG KONG', 'Hong Kong', 'HKG', 344),
(97, 'HU', 'HUNGARY', 'Hungary', 'HUN', 348),
(98, 'IS', 'ICELAND', 'Iceland', 'ISL', 352),
(99, 'IN', 'INDIA', 'India', 'IND', 356),
(100, 'ID', 'INDONESIA', 'Indonesia', 'IDN', 360),
(101, 'IR', 'IRAN, ISLAMIC REPUBLIC OF', 'Iran, Islamic Republic of', 'IRN', 364),
(102, 'IQ', 'IRAQ', 'Iraq', 'IRQ', 368),
(103, 'IE', 'IRELAND', 'Ireland', 'IRL', 372),
(104, 'IL', 'ISRAEL', 'Israel', 'ISR', 376),
(105, 'IT', 'ITALY', 'Italy', 'ITA', 380),
(106, 'JM', 'JAMAICA', 'Jamaica', 'JAM', 388),
(107, 'JP', 'JAPAN', 'Japan', 'JPN', 392),
(108, 'JO', 'JORDAN', 'Jordan', 'JOR', 400),
(109, 'KZ', 'KAZAKHSTAN', 'Kazakhstan', 'KAZ', 398),
(110, 'KE', 'KENYA', 'Kenya', 'KEN', 404),
(111, 'KI', 'KIRIBATI', 'Kiribati', 'KIR', 296),
(112, 'KP', 'KOREA, DEMOCRATIC PEOPLE''S REPUBLIC OF', 'Korea, Democratic People''s Republic of', 'PRK', 408),
(113, 'KR', 'KOREA, REPUBLIC OF', 'Korea, Republic of', 'KOR', 410),
(114, 'KW', 'KUWAIT', 'Kuwait', 'KWT', 414),
(115, 'KG', 'KYRGYZSTAN', 'Kyrgyzstan', 'KGZ', 417),
(116, 'LA', 'LAO PEOPLE''S DEMOCRATIC REPUBLIC', 'Lao People''s Democratic Republic', 'LAO', 418),
(117, 'LV', 'LATVIA', 'Latvia', 'LVA', 428),
(118, 'LB', 'LEBANON', 'Lebanon', 'LBN', 422),
(119, 'LS', 'LESOTHO', 'Lesotho', 'LSO', 426),
(120, 'LR', 'LIBERIA', 'Liberia', 'LBR', 430),
(121, 'LY', 'LIBYAN ARAB JAMAHIRIYA', 'Libyan Arab Jamahiriya', 'LBY', 434),
(122, 'LI', 'LIECHTENSTEIN', 'Liechtenstein', 'LIE', 438),
(123, 'LT', 'LITHUANIA', 'Lithuania', 'LTU', 440),
(124, 'LU', 'LUXEMBOURG', 'Luxembourg', 'LUX', 442),
(125, 'MO', 'MACAO', 'Macao', 'MAC', 446),
(126, 'MK', 'MACEDONIA, THE FORMER YUGOSLAV REPUBLIC OF', 'Macedonia, the Former Yugoslav Republic of', 'MKD', 807),
(127, 'MG', 'MADAGASCAR', 'Madagascar', 'MDG', 450),
(128, 'MW', 'MALAWI', 'Malawi', 'MWI', 454),
(129, 'MY', 'MALAYSIA', 'Malaysia', 'MYS', 458),
(130, 'MV', 'MALDIVES', 'Maldives', 'MDV', 462),
(131, 'ML', 'MALI', 'Mali', 'MLI', 466),
(132, 'MT', 'MALTA', 'Malta', 'MLT', 470),
(133, 'MH', 'MARSHALL ISLANDS', 'Marshall Islands', 'MHL', 584),
(134, 'MQ', 'MARTINIQUE', 'Martinique', 'MTQ', 474),
(135, 'MR', 'MAURITANIA', 'Mauritania', 'MRT', 478),
(136, 'MU', 'MAURITIUS', 'Mauritius', 'MUS', 480),
(137, 'YT', 'MAYOTTE', 'Mayotte', NULL, NULL),
(138, 'MX', 'MEXICO', 'Mexico', 'MEX', 484),
(139, 'FM', 'MICRONESIA, FEDERATED STATES OF', 'Micronesia, Federated States of', 'FSM', 583),
(140, 'MD', 'MOLDOVA, REPUBLIC OF', 'Moldova, Republic of', 'MDA', 498),
(141, 'MC', 'MONACO', 'Monaco', 'MCO', 492),
(142, 'MN', 'MONGOLIA', 'Mongolia', 'MNG', 496),
(143, 'MS', 'MONTSERRAT', 'Montserrat', 'MSR', 500),
(144, 'MA', 'MOROCCO', 'Morocco', 'MAR', 504),
(145, 'MZ', 'MOZAMBIQUE', 'Mozambique', 'MOZ', 508),
(146, 'MM', 'MYANMAR', 'Myanmar', 'MMR', 104),
(147, 'NA', 'NAMIBIA', 'Namibia', 'NAM', 516),
(148, 'NR', 'NAURU', 'Nauru', 'NRU', 520),
(149, 'NP', 'NEPAL', 'Nepal', 'NPL', 524),
(150, 'NL', 'NETHERLANDS', 'Netherlands', 'NLD', 528),
(151, 'AN', 'NETHERLANDS ANTILLES', 'Netherlands Antilles', 'ANT', 530),
(152, 'NC', 'NEW CALEDONIA', 'New Caledonia', 'NCL', 540),
(153, 'NZ', 'NEW ZEALAND', 'New Zealand', 'NZL', 554),
(154, 'NI', 'NICARAGUA', 'Nicaragua', 'NIC', 558),
(155, 'NE', 'NIGER', 'Niger', 'NER', 562),
(156, 'NG', 'NIGERIA', 'Nigeria', 'NGA', 566),
(157, 'NU', 'NIUE', 'Niue', 'NIU', 570),
(158, 'NF', 'NORFOLK ISLAND', 'Norfolk Island', 'NFK', 574),
(159, 'MP', 'NORTHERN MARIANA ISLANDS', 'Northern Mariana Islands', 'MNP', 580),
(160, 'NO', 'NORWAY', 'Norway', 'NOR', 578),
(161, 'OM', 'OMAN', 'Oman', 'OMN', 512),
(162, 'PK', 'PAKISTAN', 'Pakistan', 'PAK', 586),
(163, 'PW', 'PALAU', 'Palau', 'PLW', 585),
(164, 'PS', 'PALESTINIAN TERRITORY, OCCUPIED', 'Palestinian Territory, Occupied', NULL, NULL),
(165, 'PA', 'PANAMA', 'Panama', 'PAN', 591),
(166, 'PG', 'PAPUA NEW GUINEA', 'Papua New Guinea', 'PNG', 598),
(167, 'PY', 'PARAGUAY', 'Paraguay', 'PRY', 600),
(168, 'PE', 'PERU', 'Peru', 'PER', 604),
(169, 'PH', 'PHILIPPINES', 'Philippines', 'PHL', 608),
(170, 'PN', 'PITCAIRN', 'Pitcairn', 'PCN', 612),
(171, 'PL', 'POLAND', 'Poland', 'POL', 616),
(172, 'PT', 'PORTUGAL', 'Portugal', 'PRT', 620),
(173, 'PR', 'PUERTO RICO', 'Puerto Rico', 'PRI', 630),
(174, 'QA', 'QATAR', 'Qatar', 'QAT', 634),
(175, 'RE', 'REUNION', 'Reunion', 'REU', 638),
(176, 'RO', 'ROMANIA', 'Romania', 'ROM', 642),
(177, 'RU', 'RUSSIAN FEDERATION', 'Russian Federation', 'RUS', 643),
(178, 'RW', 'RWANDA', 'Rwanda', 'RWA', 646),
(179, 'SH', 'SAINT HELENA', 'Saint Helena', 'SHN', 654),
(180, 'KN', 'SAINT KITTS AND NEVIS', 'Saint Kitts and Nevis', 'KNA', 659),
(181, 'LC', 'SAINT LUCIA', 'Saint Lucia', 'LCA', 662),
(182, 'PM', 'SAINT PIERRE AND MIQUELON', 'Saint Pierre and Miquelon', 'SPM', 666),
(183, 'VC', 'SAINT VINCENT AND THE GRENADINES', 'Saint Vincent and the Grenadines', 'VCT', 670),
(184, 'WS', 'SAMOA', 'Samoa', 'WSM', 882),
(185, 'SM', 'SAN MARINO', 'San Marino', 'SMR', 674),
(186, 'ST', 'SAO TOME AND PRINCIPE', 'Sao Tome and Principe', 'STP', 678),
(187, 'SA', 'SAUDI ARABIA', 'Saudi Arabia', 'SAU', 682),
(188, 'SN', 'SENEGAL', 'Senegal', 'SEN', 686),
(189, 'CS', 'SERBIA AND MONTENEGRO', 'Serbia and Montenegro', NULL, NULL),
(190, 'SC', 'SEYCHELLES', 'Seychelles', 'SYC', 690),
(191, 'SL', 'SIERRA LEONE', 'Sierra Leone', 'SLE', 694),
(192, 'SG', 'SINGAPORE', 'Singapore', 'SGP', 702),
(193, 'SK', 'SLOVAKIA', 'Slovakia', 'SVK', 703),
(194, 'SI', 'SLOVENIA', 'Slovenia', 'SVN', 705),
(195, 'SB', 'SOLOMON ISLANDS', 'Solomon Islands', 'SLB', 90),
(196, 'SO', 'SOMALIA', 'Somalia', 'SOM', 706),
(197, 'ZA', 'SOUTH AFRICA', 'South Africa', 'ZAF', 710),
(198, 'GS', 'SOUTH GEORGIA AND THE SOUTH SANDWICH ISLANDS', 'South Georgia and the South Sandwich Islands', NULL, NULL),
(199, 'ES', 'SPAIN', 'Spain', 'ESP', 724),
(200, 'LK', 'SRI LANKA', 'Sri Lanka', 'LKA', 144),
(201, 'SD', 'SUDAN', 'Sudan', 'SDN', 736),
(202, 'SR', 'SURINAME', 'Suriname', 'SUR', 740),
(203, 'SJ', 'SVALBARD AND JAN MAYEN', 'Svalbard and Jan Mayen', 'SJM', 744),
(204, 'SZ', 'SWAZILAND', 'Swaziland', 'SWZ', 748),
(205, 'SE', 'SWEDEN', 'Sweden', 'SWE', 752),
(206, 'CH', 'SWITZERLAND', 'Switzerland', 'CHE', 756),
(207, 'SY', 'SYRIAN ARAB REPUBLIC', 'Syrian Arab Republic', 'SYR', 760),
(208, 'TW', 'TAIWAN, PROVINCE OF CHINA', 'Taiwan, Province of China', 'TWN', 158),
(209, 'TJ', 'TAJIKISTAN', 'Tajikistan', 'TJK', 762),
(210, 'TZ', 'TANZANIA, UNITED REPUBLIC OF', 'Tanzania, United Republic of', 'TZA', 834),
(211, 'TH', 'THAILAND', 'Thailand', 'THA', 764),
(212, 'TL', 'TIMOR-LESTE', 'Timor-Leste', NULL, NULL),
(213, 'TG', 'TOGO', 'Togo', 'TGO', 768),
(214, 'TK', 'TOKELAU', 'Tokelau', 'TKL', 772),
(215, 'TO', 'TONGA', 'Tonga', 'TON', 776),
(216, 'TT', 'TRINIDAD AND TOBAGO', 'Trinidad and Tobago', 'TTO', 780),
(217, 'TN', 'TUNISIA', 'Tunisia', 'TUN', 788),
(218, 'TR', 'TURKEY', 'Turkey', 'TUR', 792),
(219, 'TM', 'TURKMENISTAN', 'Turkmenistan', 'TKM', 795),
(220, 'TC', 'TURKS AND CAICOS ISLANDS', 'Turks and Caicos Islands', 'TCA', 796),
(221, 'TV', 'TUVALU', 'Tuvalu', 'TUV', 798),
(222, 'UG', 'UGANDA', 'Uganda', 'UGA', 800),
(223, 'UA', 'UKRAINE', 'Ukraine', 'UKR', 804),
(224, 'AE', 'UNITED ARAB EMIRATES', 'United Arab Emirates', 'ARE', 784),
(225, 'GB', 'UNITED KINGDOM', 'United Kingdom', 'GBR', 826),
(226, 'US', 'UNITED STATES', 'United States', 'USA', 840),
(227, 'UM', 'UNITED STATES MINOR OUTLYING ISLANDS', 'United States Minor Outlying Islands', NULL, NULL),
(228, 'UY', 'URUGUAY', 'Uruguay', 'URY', 858),
(229, 'UZ', 'UZBEKISTAN', 'Uzbekistan', 'UZB', 860),
(230, 'VU', 'VANUATU', 'Vanuatu', 'VUT', 548),
(231, 'VE', 'VENEZUELA', 'Venezuela', 'VEN', 862),
(232, 'VN', 'VIET NAM', 'Viet Nam', 'VNM', 704),
(233, 'VG', 'VIRGIN ISLANDS, BRITISH', 'Virgin Islands, British', 'VGB', 92),
(234, 'VI', 'VIRGIN ISLANDS, U.S.', 'Virgin Islands, U.s.', 'VIR', 850),
(235, 'WF', 'WALLIS AND FUTUNA', 'Wallis and Futuna', 'WLF', 876),
(236, 'EH', 'WESTERN SAHARA', 'Western Sahara', 'ESH', 732),
(237, 'YE', 'YEMEN', 'Yemen', 'YEM', 887),
(238, 'ZM', 'ZAMBIA', 'Zambia', 'ZMB', 894),
(239, 'ZW', 'ZIMBABWE', 'Zimbabwe', 'ZWE', 716);

-- --------------------------------------------------------

--
-- Table structure for table `currency`
--

CREATE TABLE IF NOT EXISTS `currency` (
  `id` int(11) NOT NULL AUTO_INCREMENT,
  `iso_code` varchar(3) NOT NULL,
  `name` varchar(100) NOT NULL,
  `code` varchar(10) NOT NULL,
  PRIMARY KEY (`id`)
) ENGINE=InnoDB  DEFAULT CHARSET=utf8 AUTO_INCREMENT=101 ;

--
-- Dumping data for table `currency`
--

INSERT INTO `currency` (`id`, `iso_code`, `name`, `code`) VALUES
(1, 'AFA', 'Afghan Afghani', '971'),
(2, 'AWG', 'Aruban Florin', '533'),
(3, 'AUD', 'Australian Dollars', '036'),
(4, 'ARS', 'Argentine Pes', '03'),
(5, 'AZN', 'Azerbaijanian Manat', '944'),
(6, 'BSD', 'Bahamian Dollar', '044'),
(7, 'BDT', 'Bangladeshi Taka', '050'),
(8, 'BBD', 'Barbados Dollar', '052'),
(9, 'BYR', 'Belarussian Rouble', '974'),
(10, 'BOB', 'Bolivian Boliviano', '068'),
(11, 'BRL', 'Brazilian Real', '986'),
(12, 'GBP', 'British Pounds Sterling', '826'),
(13, 'BGN', 'Bulgarian Lev', '975'),
(14, 'KHR', 'Cambodia Riel', '116'),
(15, 'CAD', 'Canadian Dollars', '124'),
(16, 'KYD', 'Cayman Islands Dollar', '136'),
(17, 'CLP', 'Chilean Peso', '152'),
(18, 'CNY', 'Chinese Renminbi Yuan', '156'),
(19, 'COP', 'Colombian Peso', '170'),
(20, 'CRC', 'Costa Rican Colon', '188'),
(21, 'HRK', 'Croatia Kuna', '191'),
(22, 'CPY', 'Cypriot Pounds', '196'),
(23, 'CZK', 'Czech Koruna', '203'),
(24, 'DKK', 'Danish Krone', '208'),
(25, 'DOP', 'Dominican Republic Peso', '214'),
(26, 'XCD', 'East Caribbean Dollar', '951'),
(27, 'EGP', 'Egyptian Pound', '818'),
(28, 'ERN', 'Eritrean Nakfa', '232'),
(29, 'EEK', 'Estonia Kroon', '233'),
(30, 'EUR', 'Euro', '978'),
(31, 'GEL', 'Georgian Lari', '981'),
(32, 'GHC', 'Ghana Cedi', '288'),
(33, 'GIP', 'Gibraltar Pound', '292'),
(34, 'GTQ', 'Guatemala Quetzal', '320'),
(35, 'HNL', 'Honduras Lempira', '340'),
(36, 'HKD', 'Hong Kong Dollars', '344'),
(37, 'HUF', 'Hungarian Forint', '348'),
(38, 'ISK', 'Icelandic Krona', '352'),
(39, 'INR', 'Indian Rupee', '356'),
(40, 'IDR', 'Indonesia Rupiah', '360'),
(41, 'ILS', 'Israel Shekel', '376'),
(42, 'JMD', 'Jamaican Dollar', '388'),
(43, 'JPY', 'Japanese yen', '392'),
(44, 'KZT', 'Kazakhstan Tenge', '368'),
(45, 'KES', 'Kenyan Shilling', '404'),
(46, 'KWD', 'Kuwaiti Dinar', '414'),
(47, 'LVL', 'Latvia Lat', '428'),
(48, 'LBP', 'Lebanese Pound', '422'),
(49, 'LTL', 'Lithuania Litas', '440'),
(50, 'MOP', 'Macau Pataca', '446'),
(51, 'MKD', 'Macedonian Denar', '807'),
(52, 'MGA', 'Malagascy Ariary', '969'),
(53, 'MYR', 'Malaysian Ringgit', '458'),
(54, 'MTL', 'Maltese Lira', '470'),
(55, 'BAM', 'Marka', '977'),
(56, 'MUR', 'Mauritius Rupee', '480'),
(57, 'MXN', 'Mexican Pesos', '484'),
(58, 'MZM', 'Mozambique Metical', '508'),
(59, 'NPR', 'Nepalese Rupee', '524'),
(60, 'ANG', 'Netherlands Antilles Guilder', '532'),
(61, 'TWD', 'New Taiwanese Dollars', '901'),
(62, 'NZD', 'New Zealand Dollars', '554'),
(63, 'NIO', 'Nicaragua Cordoba', '558'),
(64, 'NGN', 'Nigeria Naira', '566'),
(65, 'KPW', 'North Korean Won', '408'),
(66, 'NOK', 'Norwegian Krone', '578'),
(67, 'OMR', 'Omani Riyal', '512'),
(68, 'PKR', 'Pakistani Rupee', '586'),
(69, 'PYG', 'Paraguay Guarani', '600'),
(70, 'PEN', 'Peru New Sol', '604'),
(71, 'PHP', 'Philippine Pesos', '608'),
(72, 'QAR', 'Qatari Riyal', '634'),
(73, 'RON', 'Romanian New Leu', '946'),
(74, 'RUB', 'Russian Federation Ruble', '643'),
(75, 'SAR', 'Saudi Riyal', '682'),
(76, 'CSD', 'Serbian Dinar', '891'),
(77, 'SCR', 'Seychelles Rupee', '690'),
(78, 'SGD', 'Singapore Dollars', '702'),
(79, 'SKK', 'Slovak Koruna', '703'),
(80, 'SIT', 'Slovenia Tolar', '705'),
(81, 'ZAR', 'South African Rand', '710'),
(82, 'KRW', 'South Korean Won', '410'),
(83, 'LKR', 'Sri Lankan Rupee', '144'),
(84, 'SRD', 'Surinam Dollar', '968'),
(85, 'SEK', 'Swedish Krona', '752'),
(86, 'CHF', 'Swiss Francs', '756'),
(87, 'TZS', 'Tanzanian Shilling', '834'),
(88, 'THB', 'Thai Baht', '764'),
(89, 'TTD', 'Trinidad and Tobago Dollar', '780'),
(90, 'TRY', 'Turkish New Lira', '949'),
(91, 'AED', 'UAE Dirham', '784'),
(92, 'USD', 'United States Dollars', '840'),
(93, 'UGX', 'Ugandian Shilling', '800'),
(94, 'UAH', 'Ukraine Hryvna', '980'),
(95, 'UYU', 'Uruguayan Peso', '858'),
(96, 'UZS', 'Uzbekistani Som', '860'),
(97, 'VEB', 'Venezuela Bolivar', '862'),
(98, 'VND', 'Vietnam Dong', '704'),
(99, 'AMK', 'Zambian Kwacha', '894'),
(100, 'ZWD', 'Zimbabwe Dollar', '716');

-- --------------------------------------------------------

--
-- Table structure for table `transaction`
--

CREATE TABLE IF NOT EXISTS `transaction` (
  `id` int(11) NOT NULL AUTO_INCREMENT,
  `created_at` timestamp NOT NULL DEFAULT CURRENT_TIMESTAMP,
  `date` date NOT NULL,
  `description` varchar(255) NOT NULL,
  `transaction_type_id` tinyint(2) NOT NULL,
  `account_id` int(11) NOT NULL,
  `transfer_transaction_id` int(11) DEFAULT NULL,
  `to_account_id` int(11) DEFAULT NULL,
  `category_id` int(11) NOT NULL,
  `amount` double(11,2) NOT NULL,
  `account_balance` double(11,2) NOT NULL,
  `transaction_status_id` tinyint(2) NOT NULL DEFAULT '0',
  `deleted` tinyint(2) NOT NULL DEFAULT '0',
  PRIMARY KEY (`id`),
  KEY `fk_transaction_status_1` (`transaction_status_id`),
  KEY `fk_transaction_type_1` (`transaction_type_id`),
  KEY `created_at` (`created_at`) USING BTREE,
  KEY `deleted` (`deleted`) USING BTREE,
  KEY `fk_transaction_category_1` (`category_id`),
  KEY `fk_transaction_transfer_1` (`transfer_transaction_id`),
  KEY `fk_transaction_account_1` (`account_id`)
) ENGINE=InnoDB  DEFAULT CHARSET=utf8 AUTO_INCREMENT=1492 ;

--
-- Dumping data for table `transaction`
--

INSERT INTO `transaction` (`id`, `created_at`, `date`, `description`, `transaction_type_id`, `account_id`, `transfer_transaction_id`, `to_account_id`, `category_id`, `amount`, `account_balance`, `transaction_status_id`, `deleted`) VALUES
(1, '2012-04-12 01:43:32', '2010-09-02', 'Balance', 2, 1, NULL, NULL, 35, 25174.00, 0.00, 1, 0),
(2, '2012-04-12 01:43:32', '2010-09-03', 'FizetéS', 2, 1, NULL, NULL, 10, 251400.00, 0.00, 1, 0),
(3, '2012-04-12 01:43:32', '2010-09-03', 'EbéD - Pizza Kaja', 1, 1, NULL, NULL, 6, -1200.00, 0.00, 1, 0),
(4, '2012-04-12 01:43:32', '2010-09-03', 'Megtakarítás', 3, 1, 5, 6, 13, -100000.00, 0.00, 1, 0),
(5, '2012-04-12 01:43:32', '2010-09-03', 'Megtakarítás', 3, 6, NULL, NULL, 13, 100000.00, 0.00, 1, 0),
(6, '2012-04-12 01:43:33', '2010-09-04', 'SzíVóSzáL SzóRakozáS', 1, 1, NULL, NULL, 38, -420.00, 0.00, 1, 0),
(7, '2012-04-12 01:43:33', '2010-09-04', 'Dezodor VáSáRláS', 1, 1, NULL, NULL, 25, -819.00, 0.00, 1, 0),
(8, '2012-04-12 01:43:33', '2010-09-04', 'BeváSáRláS Kaja', 1, 1, NULL, NULL, 18, -5335.00, 0.00, 1, 0),
(9, '2012-04-12 01:43:33', '2010-09-04', 'Pia SzóRakozáS', 1, 1, NULL, NULL, 38, -2927.00, 0.00, 1, 0),
(10, '2012-04-12 01:43:33', '2010-09-04', 'Farmer NadráG VáSáRláS', 1, 1, NULL, NULL, 7, -5990.00, 0.00, 1, 0),
(11, '2012-04-12 01:43:34', '2010-09-05', 'AlbéRlet', 1, 1, NULL, NULL, 27, -50000.00, 0.00, 1, 0),
(12, '2012-04-12 01:43:34', '2010-09-05', 'Kaja Kaja', 1, 1, NULL, NULL, 18, -895.00, 0.00, 1, 0),
(13, '2012-04-12 01:43:34', '2010-09-05', 'Kaja Kaja', 1, 1, NULL, NULL, 18, -295.00, 0.00, 1, 0),
(14, '2012-04-12 01:43:34', '2010-09-05', 'Cif VáSáRláS', 1, 1, NULL, NULL, 25, -380.00, 0.00, 1, 0),
(15, '2012-04-12 01:43:34', '2010-09-06', 'Regtapasz EgyéB', 1, 1, NULL, NULL, 22, -210.00, 0.00, 1, 0),
(16, '2012-04-12 01:43:34', '2010-09-06', 'Vacsora Kaja', 1, 1, NULL, NULL, 20, -353.00, 0.00, 1, 0),
(17, '2012-04-12 01:43:35', '2010-09-06', 'EbéD - Pizza Kaja', 1, 1, NULL, NULL, 6, -550.00, 0.00, 1, 0),
(18, '2012-04-12 01:43:35', '2010-09-06', 'Reggeli - Virsliske Reggeli', 1, 1, NULL, NULL, 19, -375.00, 0.00, 1, 0),
(19, '2012-04-12 01:43:35', '2010-09-07', 'KorrigáLáS KorrigáLáS', 1, 1, NULL, NULL, 35, -2636.00, 0.00, 1, 0),
(20, '2012-04-12 01:43:35', '2010-09-07', 'Vacsora Kaja', 1, 1, NULL, NULL, 20, -135.00, 0.00, 1, 0),
(21, '2012-04-12 01:43:35', '2010-09-07', 'EbéD - KíNai Kaja', 1, 1, NULL, NULL, 6, -480.00, 0.00, 1, 0),
(22, '2012-04-12 01:43:35', '2010-09-07', 'Reggeli - Joghurt, Perec Reggeli', 1, 1, NULL, NULL, 19, -220.00, 0.00, 1, 0),
(23, '2012-04-12 01:43:35', '2010-09-08', 'EbéD - Don Pepe Kaja', 1, 1, NULL, NULL, 6, -490.00, 0.00, 1, 0),
(24, '2012-04-12 01:43:36', '2010-09-08', 'Reggeli - Joghurt, Perec Reggeli', 1, 1, NULL, NULL, 19, -220.00, 0.00, 1, 0),
(25, '2012-04-12 01:43:36', '2010-09-08', 'MajonéZ Kaja', 1, 1, NULL, NULL, 18, -370.00, 0.00, 1, 0),
(26, '2012-04-12 01:43:36', '2010-09-08', 'PapíRtöRlő EgyéB', 1, 1, NULL, NULL, 25, -650.00, 0.00, 1, 0),
(27, '2012-04-12 01:43:36', '2010-09-08', 'Tejpor, Tej Iwebs Iroda', 1, 1, NULL, NULL, 26, -500.00, 0.00, 1, 0),
(28, '2012-04-12 01:43:36', '2010-09-08', 'Bluehost TáRhely VáLlalkozáS', 1, 1, NULL, NULL, 52, -9200.00, 0.00, 1, 0),
(29, '2012-04-12 01:43:37', '2010-09-08', 'FodráSz FodráSz', 1, 1, NULL, NULL, 40, -2000.00, 0.00, 1, 0),
(30, '2012-04-12 01:43:37', '2010-09-09', 'Magos Kiflik 2 Db Kaja', 1, 1, NULL, NULL, 19, -135.00, 0.00, 1, 0),
(31, '2012-04-12 01:43:37', '2010-09-09', 'Reggeli - Joghurt, Perec Reggeli', 1, 1, NULL, NULL, 19, -220.00, 0.00, 1, 0),
(32, '2012-04-12 01:43:37', '2010-09-09', 'EbéD - Gyros Kaja', 1, 1, NULL, NULL, 6, -1200.00, 0.00, 1, 0),
(33, '2012-04-12 01:43:37', '2010-09-09', 'KöZöSköLtséG Rezsi', 1, 1, NULL, NULL, 30, -8100.00, 0.00, 1, 0),
(34, '2012-04-12 01:43:37', '2010-09-09', 'Csoki Monster Kaja', 1, 1, NULL, NULL, 18, -440.00, 0.00, 1, 0),
(35, '2012-04-12 01:43:38', '2010-09-10', 'Reggeli - PogáCsa Reggeli', 1, 1, NULL, NULL, 19, -320.00, 0.00, 1, 0),
(36, '2012-04-12 01:43:38', '2010-09-10', 'Vacsor - Pizza Kaja', 1, 1, NULL, NULL, 20, -1300.00, 0.00, 1, 0),
(37, '2012-04-12 01:43:38', '2010-09-10', 'EbéD - KíNai Kaja', 1, 1, NULL, NULL, 6, -680.00, 0.00, 1, 0),
(38, '2012-04-12 01:43:38', '2010-09-10', 'Internet Chello', 1, 1, NULL, NULL, 39, -18489.00, 0.00, 1, 0),
(39, '2012-04-12 01:43:38', '2010-09-11', 'KorrigáLáS KorrigáLáS', 1, 1, NULL, NULL, 35, -566.00, 0.00, 1, 0),
(40, '2012-04-12 01:43:38', '2010-09-11', 'VasalóDeszka VáSáRláS', 1, 1, NULL, NULL, 28, -4699.00, 0.00, 1, 0),
(41, '2012-04-12 01:43:39', '2010-09-11', 'Pia Beugró RuhatáR SzóRakozáS', 1, 1, NULL, NULL, 38, -6700.00, 0.00, 1, 0),
(42, '2012-04-12 01:43:39', '2010-09-12', 'Beugró, Whiskey-Cola X2, AsváNyvíZ X2 SzóRakozáS', 1, 1, NULL, NULL, 38, -4300.00, 0.00, 1, 0),
(43, '2012-04-12 01:43:39', '2010-09-12', 'Pizza, TéSzta Kaja', 1, 1, NULL, NULL, 18, -1595.00, 0.00, 1, 0),
(44, '2012-04-12 01:43:39', '2010-09-12', 'Mcdonalds Kaja', 1, 1, NULL, NULL, 18, -500.00, 0.00, 1, 0),
(45, '2012-04-12 01:43:39', '2010-09-13', 'EbéD - Don Pepe Kaja', 1, 1, NULL, NULL, 6, -630.00, 0.00, 1, 0),
(46, '2012-04-12 01:43:40', '2010-09-13', 'VíZ Kaja', 1, 1, NULL, NULL, 18, -300.00, 0.00, 1, 0),
(47, '2012-04-12 01:43:40', '2010-09-13', 'Tej Iwebs Iroda', 1, 1, NULL, NULL, 26, -140.00, 0.00, 1, 0),
(48, '2012-04-12 01:43:40', '2010-09-13', 'Reggeli - PogáCsa Reggeli', 1, 1, NULL, NULL, 19, -320.00, 0.00, 1, 0),
(49, '2012-04-12 01:43:40', '2010-09-14', 'Hurka, KolbáSz Kaja', 1, 1, NULL, NULL, 6, -1275.00, 0.00, 1, 0),
(50, '2012-04-12 01:43:40', '2010-09-14', 'Reggeli Reggeli', 1, 1, NULL, NULL, 19, -470.00, 0.00, 1, 0),
(51, '2012-04-12 01:43:41', '2010-09-14', 'GyóGyszertáR VáSáRláS', 1, 1, NULL, NULL, 22, -2595.00, 0.00, 1, 0),
(52, '2012-04-12 01:43:41', '2010-09-15', 'EbéD - Laci Kaja', 1, 1, NULL, NULL, 6, -300.00, 0.00, 1, 0),
(53, '2012-04-12 01:43:41', '2010-09-15', 'Reggeli - PogáCsa Reggeli', 1, 1, NULL, NULL, 19, -375.00, 0.00, 1, 0),
(54, '2012-04-12 01:43:41', '2010-09-16', 'BeváSáRláS Kaja', 1, 1, NULL, NULL, 18, -4765.00, 0.00, 1, 0),
(55, '2012-04-12 01:43:41', '2010-09-16', 'Reggeli - PogáCsa Reggeli', 1, 1, NULL, NULL, 19, -375.00, 0.00, 1, 0),
(56, '2012-04-12 01:43:41', '2010-09-16', 'KenőCs VáSáRláS', 1, 1, NULL, NULL, 22, -985.00, 0.00, 1, 0),
(57, '2012-04-12 01:43:42', '2010-09-16', 'EbéD - Mcdonalds Kaja', 1, 1, NULL, NULL, 6, -740.00, 0.00, 1, 0),
(58, '2012-04-12 01:43:42', '2010-09-19', 'BeváSáRláS Kaja', 1, 1, NULL, NULL, 18, -1375.00, 0.00, 1, 0),
(59, '2012-04-12 01:43:42', '2010-09-20', 'Reggeli - Virsliske Reggeli', 1, 1, NULL, NULL, 19, -360.00, 0.00, 1, 0),
(60, '2012-04-12 01:43:42', '2010-09-20', 'Vacsora - KíNai Kaja', 1, 1, NULL, NULL, 20, -680.00, 0.00, 1, 0),
(61, '2012-04-12 01:43:42', '2010-09-20', 'Csoki Kaja', 1, 1, NULL, NULL, 18, -130.00, 0.00, 1, 0),
(62, '2012-04-12 01:43:43', '2010-09-20', 'EbéD - Don Pepe Kaja', 1, 1, NULL, NULL, 6, -465.00, 0.00, 1, 0),
(63, '2012-04-12 01:43:43', '2010-09-20', 'KivéTel A MegtakaríTáSbóL', 3, 6, 64, 1, 34, -20000.00, 0.00, 1, 0),
(64, '2012-04-12 01:43:43', '2010-09-20', 'KivéTel A MegtakaríTáSbóL', 3, 1, NULL, NULL, 34, 20000.00, 0.00, 1, 0),
(65, '2012-04-12 01:43:43', '2010-09-21', 'EbéD - Don Pepe Kaja', 1, 1, NULL, NULL, 6, -1275.00, 0.00, 1, 0),
(66, '2012-04-12 01:43:43', '2010-09-21', 'Vacsora - KíNai Kaja', 1, 1, NULL, NULL, 20, -480.00, 0.00, 1, 0),
(67, '2012-04-12 01:43:44', '2010-09-21', 'Reggeli - PogáCsa Reggeli', 1, 1, NULL, NULL, 19, -345.00, 0.00, 1, 0),
(68, '2012-04-12 01:43:44', '2010-09-22', 'Reggeli - PéKséG Reggeli', 1, 1, NULL, NULL, 19, -360.00, 0.00, 1, 0),
(69, '2012-04-12 01:43:44', '2010-09-22', 'EbéD - Don Pepe Kaja', 1, 1, NULL, NULL, 6, -500.00, 0.00, 1, 0),
(70, '2012-04-12 01:43:44', '2010-09-22', 'Vacsora Kaja', 1, 1, NULL, NULL, 20, -585.00, 0.00, 1, 0),
(71, '2012-04-12 01:43:44', '2010-09-23', 'VillanyszáMla Rezsi', 1, 1, NULL, NULL, 36, -5005.00, 0.00, 1, 0),
(72, '2012-04-12 01:43:45', '2010-09-23', 'Reggeli - PogáCsa Reggeli', 1, 1, NULL, NULL, 19, -360.00, 0.00, 1, 0),
(73, '2012-04-12 01:43:45', '2010-09-23', 'Vacsora - KíNai Kaja', 1, 1, NULL, NULL, 20, -680.00, 0.00, 1, 0),
(74, '2012-04-12 01:43:45', '2010-09-23', 'EbéD - Don Pepe Kaja', 1, 1, NULL, NULL, 6, -1215.00, 0.00, 1, 0),
(75, '2012-04-12 01:43:45', '2010-09-25', 'AnyáéKnak AnyáéKnak', 1, 1, NULL, NULL, 29, -7000.00, 0.00, 1, 0),
(76, '2012-04-12 01:43:45', '2010-09-25', 'Vacsora Kaja', 1, 1, NULL, NULL, 20, -600.00, 0.00, 1, 0),
(77, '2012-04-12 01:43:45', '2010-09-25', 'EbéD - Don Pepe Kaja', 1, 1, NULL, NULL, 6, -500.00, 0.00, 1, 0),
(78, '2012-04-12 01:43:45', '2010-09-25', 'Reggeli - PogáCsa Reggeli', 1, 1, NULL, NULL, 19, -355.00, 0.00, 1, 0),
(79, '2012-04-12 01:43:46', '2010-09-26', 'Reggeli - PogáCsa Reggeli', 1, 1, NULL, NULL, 19, -360.00, 0.00, 1, 0),
(80, '2012-04-12 01:43:46', '2010-09-27', 'EbéD - Don Pepe Kaja', 1, 1, NULL, NULL, 6, -1290.00, 0.00, 1, 0),
(81, '2012-04-12 01:43:46', '2010-09-27', 'Vacsora - KíNai Kaja', 1, 1, NULL, NULL, 20, -480.00, 0.00, 1, 0),
(82, '2012-04-12 01:43:46', '2010-09-27', 'AnyáéKnak AnyáéKnak', 1, 1, NULL, NULL, 29, -15000.00, 0.00, 1, 0),
(83, '2012-04-12 01:43:46', '2010-09-28', 'Vacsora - KíNai Kaja', 1, 1, NULL, NULL, 20, -680.00, 0.00, 1, 0),
(84, '2012-04-12 01:43:46', '2010-09-28', 'Monster Kaja', 1, 1, NULL, NULL, 18, -130.00, 0.00, 1, 0),
(85, '2012-04-12 01:43:47', '2010-09-28', 'Reggeli - PogáCsa Reggeli', 1, 1, NULL, NULL, 19, -360.00, 0.00, 1, 0),
(86, '2012-04-12 01:43:47', '2010-09-28', 'EbéD - Don Pepe Kaja', 1, 1, NULL, NULL, 6, -550.00, 0.00, 1, 0),
(87, '2012-04-12 01:43:47', '2010-09-29', 'Vacsor - Pizza Kaja', 1, 1, NULL, NULL, 20, -1100.00, 0.00, 1, 0),
(88, '2012-04-12 01:43:47', '2010-09-29', 'EbéD - Don Pepe Kaja', 1, 1, NULL, NULL, 6, -1200.00, 0.00, 1, 0),
(89, '2012-04-12 01:43:47', '2010-09-29', 'Reggeli - PogáCsa Reggeli', 1, 1, NULL, NULL, 19, -360.00, 0.00, 1, 0),
(90, '2012-04-12 01:43:48', '2010-09-29', 'KorrigáLáS KorrigáLáS', 1, 1, NULL, NULL, 18, -1306.00, 0.00, 1, 0),
(91, '2012-04-12 01:43:48', '2010-09-29', 'KivéTel A MegtakaríTáSbóL', 3, 6, 92, 1, 34, -20000.00, 0.00, 1, 0),
(92, '2012-04-12 01:43:48', '2010-09-29', 'KivéTel A MegtakaríTáSbóL', 3, 1, NULL, NULL, 34, 20000.00, 0.00, 1, 0),
(93, '2012-04-12 01:43:48', '2010-09-29', 'KivéTel A MegtakaríTáSbóL', 3, 6, 94, 1, 34, -20000.00, 0.00, 1, 0),
(94, '2012-04-12 01:43:48', '2010-09-29', 'KivéTel A MegtakaríTáSbóL', 3, 1, NULL, NULL, 34, 20000.00, 0.00, 1, 0),
(95, '2012-04-12 01:43:49', '2010-10-01', 'Iwebs - KáVé Iwebs Iroda', 1, 1, NULL, NULL, 26, -510.00, 0.00, 1, 0),
(96, '2012-04-12 01:43:49', '2010-10-01', 'EbéD - Duna PláZa Reggeli', 1, 1, NULL, NULL, 19, -1330.00, 0.00, 1, 0),
(97, '2012-04-12 01:43:49', '2010-10-01', 'Reggeli - PéKséG Reggeli', 1, 1, NULL, NULL, 19, -405.00, 0.00, 1, 0),
(98, '2012-04-12 01:43:49', '2010-10-01', 'EbéD - KíNai Kaja', 1, 1, NULL, NULL, 6, -170.00, 0.00, 1, 0),
(99, '2012-04-12 01:43:50', '2010-10-01', 'EbéD - KíNai Kaja', 1, 1, NULL, NULL, 6, -480.00, 0.00, 1, 0),
(100, '2012-04-12 01:43:50', '2010-10-01', 'Reggeli - Joghurt, Perec Reggeli', 1, 1, NULL, NULL, 19, -500.00, 0.00, 1, 0),
(101, '2012-04-12 01:43:50', '2010-10-02', 'BeváSáRláS Kaja', 1, 1, NULL, NULL, 18, -2211.00, 0.00, 1, 0),
(102, '2012-04-12 01:43:50', '2010-10-02', 'KáVé, TusfüRdő, Arcszesz, EgyéB VáSáRláS', 1, 1, NULL, NULL, 18, -4416.00, 0.00, 1, 0),
(103, '2012-04-12 01:43:50', '2010-10-04', 'EbéD - Don Pepe Kaja', 1, 1, NULL, NULL, 6, -800.00, 0.00, 1, 0),
(104, '2012-04-12 01:43:51', '2010-10-04', 'Iwebs - Cukor Iwebs Iroda', 1, 1, NULL, NULL, 26, -380.00, 0.00, 1, 0),
(105, '2012-04-12 01:43:51', '2010-10-04', 'IllatosíTó VáSáRláS', 1, 1, NULL, NULL, 28, -1500.00, 0.00, 1, 0),
(106, '2012-04-12 01:43:51', '2010-10-04', 'Reggeli - PéKséG Reggeli', 1, 1, NULL, NULL, 19, -450.00, 0.00, 1, 0),
(107, '2012-04-12 01:43:51', '2010-10-05', 'Vacsora - KíNai Kaja', 1, 1, NULL, NULL, 20, -680.00, 0.00, 1, 0),
(108, '2012-04-12 01:43:51', '2010-10-05', 'Iwebs - KáVé, Tej Iwebs Iroda', 1, 1, NULL, NULL, 26, -1740.00, 0.00, 1, 0),
(109, '2012-04-12 01:43:51', '2010-10-05', 'Reggeli - PogáCsa Reggeli', 1, 1, NULL, NULL, 19, -365.00, 0.00, 1, 0),
(110, '2012-04-12 01:43:52', '2010-10-05', 'FizetéS FizetéS', 2, 1, NULL, NULL, 10, 226000.00, 0.00, 1, 0),
(111, '2012-04-12 01:43:52', '2010-10-05', 'AlbéRlet', 1, 1, NULL, NULL, 27, -50000.00, 0.00, 1, 0),
(112, '2012-04-12 01:43:52', '2010-10-05', 'Kinde Bueno Kaja', 1, 1, NULL, NULL, 18, -136.00, 0.00, 1, 0),
(113, '2012-04-12 01:43:52', '2010-10-05', 'ParfüM, SzemeteszsáK VáSáRláS', 1, 1, NULL, NULL, 28, -2200.00, 0.00, 1, 0),
(114, '2012-04-12 01:43:52', '2010-10-05', 'EbéD - Don Pepe Kaja', 1, 1, NULL, NULL, 6, -490.00, 0.00, 1, 0),
(115, '2012-04-12 01:43:53', '2010-10-05', 'MegtakaríTáS ', 3, 1, 116, 6, 13, -40000.00, 0.00, 1, 0),
(116, '2012-04-12 01:43:53', '2010-10-05', 'MegtakaríTáS ', 3, 6, NULL, NULL, 13, 40000.00, 0.00, 1, 0),
(117, '2012-04-12 01:43:53', '2010-10-06', 'Rheumon GéL VáSáRláS', 1, 1, NULL, NULL, 22, -1031.00, 0.00, 1, 0),
(118, '2012-04-12 01:43:53', '2010-10-06', 'EbéD - Don Pepe Kaja', 1, 1, NULL, NULL, 6, -965.00, 0.00, 1, 0),
(119, '2012-04-12 01:43:53', '2010-10-06', 'Reggeli - Virsliske Reggeli', 1, 1, NULL, NULL, 19, -376.00, 0.00, 1, 0),
(120, '2012-04-12 01:43:54', '2010-10-06', 'Mobil Egyenleg FeltöLtéS Telefon', 1, 1, NULL, NULL, 23, -2000.00, 0.00, 1, 0),
(121, '2012-04-12 01:43:54', '2010-10-07', 'Vacsora - KíNai Kaja', 1, 1, NULL, NULL, 20, -480.00, 0.00, 1, 0),
(122, '2012-04-12 01:43:54', '2010-10-07', 'Reggeli - PogáCsa Reggeli', 1, 1, NULL, NULL, 19, -315.00, 0.00, 1, 0),
(123, '2012-04-12 01:43:54', '2010-10-07', 'EbéD - Don Pepe Kaja', 1, 1, NULL, NULL, 6, -310.00, 0.00, 1, 0),
(124, '2012-04-12 01:43:54', '2010-10-08', 'Reggeli - PogáCsa Reggeli', 1, 1, NULL, NULL, 19, -385.00, 0.00, 1, 0),
(125, '2012-04-12 01:43:54', '2010-10-08', 'KáVé, Burn VáSáRláS', 1, 1, NULL, NULL, 18, -1025.00, 0.00, 1, 0),
(126, '2012-04-12 01:43:54', '2010-10-08', 'EbéD - Don Pepe Kaja', 1, 1, NULL, NULL, 6, -380.00, 0.00, 1, 0),
(127, '2012-04-12 01:43:55', '2010-10-09', 'VáSáS Kaja', 1, 1, NULL, NULL, 18, -630.00, 0.00, 1, 0),
(128, '2012-04-12 01:43:55', '2010-10-10', 'EbéD - KíNai Kaja', 1, 1, NULL, NULL, 6, -680.00, 0.00, 1, 0),
(129, '2012-04-12 01:43:55', '2010-10-10', 'VáSáRláS Kaja', 1, 1, NULL, NULL, 18, -1746.00, 0.00, 1, 0),
(130, '2012-04-12 01:43:55', '2010-10-11', 'Vacsora - KíNai Kaja', 1, 1, NULL, NULL, 20, -680.00, 0.00, 1, 0),
(131, '2012-04-12 01:43:55', '2010-10-11', 'Bkv BéRlet Bkv BéRlet', 1, 1, NULL, NULL, 21, -3850.00, 0.00, 1, 0),
(132, '2012-04-12 01:43:55', '2010-10-11', 'Reggeli - PogáCsa Reggeli', 1, 1, NULL, NULL, 19, -360.00, 0.00, 1, 0),
(133, '2012-04-12 01:43:56', '2010-10-11', 'EbéD - Don Pepe Kaja', 1, 1, NULL, NULL, 6, -580.00, 0.00, 1, 0),
(134, '2012-04-12 01:43:56', '2010-10-11', 'RáGó, Monster VáSáRláS', 1, 1, NULL, NULL, 18, -470.00, 0.00, 1, 0),
(135, '2012-04-12 01:43:56', '2010-10-11', 'Iwebs - KáVéPor Iwebs Iroda', 1, 1, NULL, NULL, 26, -126.00, 0.00, 1, 0),
(136, '2012-04-12 01:43:56', '2010-10-12', 'Reggeli - Joghurt, SajtosrúD Reggeli', 1, 1, NULL, NULL, 19, -360.00, 0.00, 1, 0),
(137, '2012-04-12 01:43:57', '2010-10-12', 'EbéD - Don Pepe Kaja', 1, 1, NULL, NULL, 6, -845.00, 0.00, 1, 0),
(138, '2012-04-12 01:43:57', '2010-10-12', 'RóSzerek, FüZet Tanfolyam', 1, 1, NULL, NULL, 64, -1665.00, 0.00, 1, 0),
(139, '2012-04-12 01:43:57', '2010-10-12', 'Pizza Kaja', 1, 1, NULL, NULL, 18, -150.00, 0.00, 1, 0),
(140, '2012-04-12 01:43:57', '2010-10-13', 'Reggeli - PogáCsa Reggeli', 1, 1, NULL, NULL, 19, -350.00, 0.00, 1, 0),
(141, '2012-04-12 01:43:57', '2010-10-13', 'DíJbeszedő Rezsi', 1, 1, NULL, NULL, 42, -8326.00, 0.00, 1, 0),
(142, '2012-04-12 01:43:58', '2010-10-13', 'Rezsi', 1, 1, NULL, NULL, 30, -9105.00, 0.00, 1, 0),
(143, '2012-04-12 01:43:58', '2010-10-13', 'EbéD Mcdonalds Kaja', 1, 1, NULL, NULL, 6, -600.00, 0.00, 1, 0),
(144, '2012-04-12 01:43:58', '2010-10-13', 'Angol Tanfolyam Tanfolyam', 1, 1, NULL, NULL, 63, -39900.00, 0.00, 1, 0),
(145, '2012-04-12 01:43:58', '2010-10-13', 'Vacsora - Pizza Kaja', 1, 1, NULL, NULL, 20, -950.00, 0.00, 1, 0),
(146, '2012-04-12 01:43:59', '2010-10-14', 'EbéD - Don Pepe Kaja', 1, 1, NULL, NULL, 6, -700.00, 0.00, 1, 0),
(147, '2012-04-12 01:43:59', '2010-10-14', 'Monster Kaja', 1, 1, NULL, NULL, 18, -330.00, 0.00, 1, 0),
(148, '2012-04-12 01:43:59', '2010-10-14', 'BéCs SzóRakozáS', 1, 1, NULL, NULL, 65, -11000.00, 0.00, 1, 0),
(149, '2012-04-12 01:44:00', '2010-10-14', 'Internet Chello', 1, 1, NULL, NULL, 39, -7579.00, 0.00, 1, 0),
(150, '2012-04-12 01:44:00', '2010-10-14', 'Reggeli - PogáCsa Reggeli', 1, 1, NULL, NULL, 19, -300.00, 0.00, 1, 0),
(151, '2012-04-12 01:44:00', '2010-10-15', 'Reggeli - PéKséG Reggeli', 1, 1, NULL, NULL, 19, -175.00, 0.00, 1, 0),
(152, '2012-04-12 01:44:00', '2010-10-15', 'FáJdalomcsillapíTó VáSáRláS', 1, 1, NULL, NULL, 22, -790.00, 0.00, 1, 0),
(153, '2012-04-12 01:44:01', '2010-10-15', 'EbéD - KíNai Kaja', 1, 1, NULL, NULL, 6, -480.00, 0.00, 1, 0),
(154, '2012-04-12 01:44:01', '2010-10-16', 'Reggeli Reggeli', 1, 1, NULL, NULL, 19, -800.00, 0.00, 1, 0),
(155, '2012-04-12 01:44:01', '2010-10-16', 'BeváSáRláS Kaja', 1, 1, NULL, NULL, 18, -2500.00, 0.00, 1, 0),
(156, '2012-04-12 01:44:01', '2010-10-16', 'Paintball SzóRakozáS', 1, 1, NULL, NULL, 59, -9500.00, 0.00, 1, 0),
(157, '2012-04-12 01:44:02', '2010-10-18', 'Vacsor - Pizza Kaja', 1, 1, NULL, NULL, 20, -1000.00, 0.00, 1, 0),
(158, '2012-04-12 01:44:02', '2010-10-18', 'Reggeli Reggeli', 1, 1, NULL, NULL, 19, -320.00, 0.00, 1, 0),
(159, '2012-04-12 01:44:02', '2010-10-18', 'Vacsora - KíNai Kaja', 1, 1, NULL, NULL, 20, -480.00, 0.00, 1, 0),
(160, '2012-04-12 01:44:03', '2010-10-18', 'KorrigáLáS', 1, 1, NULL, NULL, 35, -5400.00, 0.00, 1, 0),
(161, '2012-04-12 01:44:03', '2010-10-18', 'EbéD - Don Pepe Kaja', 1, 1, NULL, NULL, 6, -405.00, 0.00, 1, 0),
(162, '2012-04-12 01:44:03', '2010-10-19', 'EbéD - Mcdonalds Kaja', 1, 1, NULL, NULL, 6, -1110.00, 0.00, 1, 0),
(163, '2012-04-12 01:44:03', '2010-10-19', 'Domain RegisztráCió - Usoft.Eu VáLlalkozáS', 1, 1, NULL, NULL, 52, -3750.00, 0.00, 1, 0),
(164, '2012-04-12 01:44:03', '2010-10-19', 'Vacsora - KíNai Kaja', 1, 1, NULL, NULL, 20, -680.00, 0.00, 1, 0),
(165, '2012-04-12 01:44:03', '2010-10-20', 'Vacsora - Kí­Nai Kaja', 1, 1, NULL, NULL, 20, -680.00, 0.00, 1, 0),
(166, '2012-04-12 01:44:03', '2010-10-20', 'EbéD - Don Pepe Kaja', 1, 1, NULL, NULL, 6, -800.00, 0.00, 1, 0),
(167, '2012-04-12 01:44:04', '2010-10-20', 'Reggeli - PéKséG Reggeli', 1, 1, NULL, NULL, 19, -350.00, 0.00, 1, 0),
(168, '2012-04-12 01:44:04', '2010-10-21', 'Reggeli - PéKséG Reggeli', 1, 1, NULL, NULL, 19, -360.00, 0.00, 1, 0),
(169, '2012-04-12 01:44:04', '2010-10-21', 'EbéD - Don Pepe Kaja', 1, 1, NULL, NULL, 6, -800.00, 0.00, 1, 0),
(170, '2012-04-12 01:44:04', '2010-10-21', 'Vacsora - Kí­Nai Kaja', 1, 1, NULL, NULL, 20, -680.00, 0.00, 1, 0),
(171, '2012-04-12 01:44:04', '2010-10-22', 'EbéD - Don Pepe Kaja', 1, 1, NULL, NULL, 6, -1200.00, 0.00, 1, 0),
(172, '2012-04-12 01:44:04', '2010-10-22', 'Vacsora - Kí­Nai Kaja', 1, 1, NULL, NULL, 20, -680.00, 0.00, 1, 0),
(173, '2012-04-12 01:44:05', '2010-10-22', 'Reggeli - PéKséG Reggeli', 1, 1, NULL, NULL, 19, -360.00, 0.00, 1, 0),
(174, '2012-04-12 01:44:05', '2010-10-23', 'Pb Palack AnyáéKnak', 1, 1, NULL, NULL, 29, -4000.00, 0.00, 1, 0),
(175, '2012-04-12 01:44:05', '2010-10-23', 'AnyáéKnak AnyáéKnak', 1, 1, NULL, NULL, 29, -10000.00, 0.00, 1, 0),
(176, '2012-04-12 01:44:05', '2010-10-23', 'Vonatjegy EgyéB', 1, 1, NULL, NULL, 65, -1600.00, 0.00, 1, 0),
(177, '2012-04-12 01:44:05', '2010-10-25', 'Reggeli - PéKséG Reggeli', 1, 1, NULL, NULL, 19, -360.00, 0.00, 1, 0),
(178, '2012-04-12 01:44:05', '2010-10-25', 'Vacsora - Kí­Nai Kaja', 1, 1, NULL, NULL, 20, -680.00, 0.00, 1, 0),
(179, '2012-04-12 01:44:05', '2010-10-25', 'EbéD - Don Pepe Kaja', 1, 1, NULL, NULL, 6, -800.00, 0.00, 1, 0),
(180, '2012-04-12 01:44:06', '2010-10-25', 'VillanyszáMla Rezsi', 1, 1, NULL, NULL, 36, -3144.00, 0.00, 1, 0),
(181, '2012-04-12 01:44:06', '2010-10-25', 'KivéTel A MegtakaríTáSbóL', 3, 6, 182, 1, 34, -40000.00, 0.00, 1, 0),
(182, '2012-04-12 01:44:06', '2010-10-25', 'KivéTel A MegtakaríTáSbóL', 3, 1, NULL, NULL, 34, 40000.00, 0.00, 1, 0),
(183, '2012-04-12 01:44:07', '2010-10-26', 'EbéD - Don Pepe Kaja', 1, 1, NULL, NULL, 6, -800.00, 0.00, 1, 0),
(184, '2012-04-12 01:44:07', '2010-10-26', 'Reggeli - PéKséG Reggeli', 1, 1, NULL, NULL, 19, -360.00, 0.00, 1, 0),
(185, '2012-04-12 01:44:07', '2010-10-26', 'Vacsora - Kí­Nai Kaja', 1, 1, NULL, NULL, 20, -680.00, 0.00, 1, 0),
(186, '2012-04-12 01:44:07', '2010-10-27', 'EbéD - Don Pepe Kaja', 1, 1, NULL, NULL, 6, -800.00, 0.00, 1, 0),
(187, '2012-04-12 01:44:07', '2010-10-27', 'Reggeli - PéKséG Reggeli', 1, 1, NULL, NULL, 19, -360.00, 0.00, 1, 0),
(188, '2012-04-12 01:44:07', '2010-10-27', 'Vacsora - Kí­Nai Kaja', 1, 1, NULL, NULL, 20, -680.00, 0.00, 1, 0),
(189, '2012-04-12 01:44:07', '2010-10-28', 'Reggeli - PéKséG Reggeli', 1, 1, NULL, NULL, 19, -360.00, 0.00, 1, 0),
(190, '2012-04-12 01:44:08', '2010-10-28', 'Vacsora - Kí­Nai Kaja', 1, 1, NULL, NULL, 20, -680.00, 0.00, 1, 0),
(191, '2012-04-12 01:44:08', '2010-10-28', 'EbéD - Don Pepe Kaja', 1, 1, NULL, NULL, 6, -800.00, 0.00, 1, 0),
(192, '2012-04-12 01:44:08', '2010-10-29', 'Reggeli - PéKséG Reggeli', 1, 1, NULL, NULL, 19, -360.00, 0.00, 1, 0),
(193, '2012-04-12 01:44:08', '2010-10-29', 'Vacsora - Kí­Nai Kaja', 1, 1, NULL, NULL, 20, -680.00, 0.00, 1, 0),
(194, '2012-04-12 01:44:08', '2010-10-29', 'EbéD - Don Pepe Kaja', 1, 1, NULL, NULL, 6, -800.00, 0.00, 1, 0),
(195, '2012-04-12 01:44:08', '2010-10-30', 'Vacsora - Kí­Nai Kaja', 1, 1, NULL, NULL, 20, -680.00, 0.00, 1, 0),
(196, '2012-04-12 01:44:09', '2010-10-30', 'EbéD - Kí­Nai Kaja', 1, 1, NULL, NULL, 6, -680.00, 0.00, 1, 0),
(197, '2012-04-12 01:44:09', '2010-10-31', 'EbéD - Kí­Nai Kaja', 1, 1, NULL, NULL, 6, -680.00, 0.00, 1, 0),
(198, '2012-04-12 01:44:09', '2010-10-31', 'Vacsora - Kí­Nai Kaja', 1, 1, NULL, NULL, 20, -680.00, 0.00, 1, 0),
(199, '2012-04-12 01:44:09', '2010-11-01', 'EbéD - Don Pepe Kaja', 1, 1, NULL, NULL, 6, -800.00, 0.00, 1, 0),
(200, '2012-04-12 01:44:09', '2010-11-01', 'Reggeli - PéKséG Reggeli', 1, 1, NULL, NULL, 19, -360.00, 0.00, 1, 0),
(201, '2012-04-12 01:44:10', '2010-11-01', 'Vacsora - Kí­Nai Kaja', 1, 1, NULL, NULL, 20, -680.00, 0.00, 1, 0),
(202, '2012-04-12 01:44:10', '2010-11-02', 'EbéD - Don Pepe Kaja', 1, 1, NULL, NULL, 6, -800.00, 0.00, 1, 0),
(203, '2012-04-12 01:44:10', '2010-11-02', 'Vacsora - Kí­Nai Kaja', 1, 1, NULL, NULL, 20, -680.00, 0.00, 1, 0),
(204, '2012-04-12 01:44:11', '2010-11-02', 'Reggeli - PéKséG Reggeli', 1, 1, NULL, NULL, 19, -360.00, 0.00, 1, 0),
(205, '2012-04-12 01:44:11', '2010-11-03', 'Reggeli - PéKséG Reggeli', 1, 1, NULL, NULL, 19, -360.00, 0.00, 1, 0),
(206, '2012-04-12 01:44:11', '2010-11-03', 'Vacsora - Kí­Nai Kaja', 1, 1, NULL, NULL, 20, -680.00, 0.00, 1, 0),
(207, '2012-04-12 01:44:11', '2010-11-03', 'EbéD - Don Pepe Kaja', 1, 1, NULL, NULL, 6, -800.00, 0.00, 1, 0),
(208, '2012-04-12 01:44:11', '2010-11-04', 'Vacsora - Kí­Nai Kaja', 1, 1, NULL, NULL, 20, -680.00, 0.00, 1, 0),
(209, '2012-04-12 01:44:11', '2010-11-04', 'EbéD - Don Pepe Kaja', 1, 1, NULL, NULL, 6, -800.00, 0.00, 1, 0),
(210, '2012-04-12 01:44:12', '2010-11-04', 'Reggeli - PéKséG Reggeli', 1, 1, NULL, NULL, 19, -360.00, 0.00, 1, 0),
(211, '2012-04-12 01:44:12', '2010-11-05', 'FizetéS FizetéS', 2, 1, NULL, NULL, 10, 206000.00, 0.00, 1, 0),
(212, '2012-04-12 01:44:12', '2010-11-05', 'Reggeli - PéKséG Reggeli', 1, 1, NULL, NULL, 19, -360.00, 0.00, 1, 0),
(213, '2012-04-12 01:44:12', '2010-11-05', 'EbéD - Don Pepe Kaja', 1, 1, NULL, NULL, 6, -800.00, 0.00, 1, 0),
(214, '2012-04-12 01:44:13', '2010-11-05', 'AlbéRlet', 1, 1, NULL, NULL, 27, -50000.00, 0.00, 1, 0),
(215, '2012-04-12 01:44:13', '2010-11-05', 'Vacsora - Kí­Nai Kaja', 1, 1, NULL, NULL, 20, -680.00, 0.00, 1, 0),
(216, '2012-04-12 01:44:13', '2010-11-05', 'MegtakaríTáS ', 3, 1, 217, 6, 13, -40000.00, 0.00, 1, 0),
(217, '2012-04-12 01:44:13', '2010-11-05', 'MegtakaríTáS ', 3, 6, NULL, NULL, 13, 40000.00, 0.00, 1, 0),
(218, '2012-04-12 01:44:13', '2010-11-05', 'Balance', 1, 1, NULL, NULL, 35, -10450.00, 0.00, 1, 0),
(219, '2012-04-12 01:44:14', '2010-11-08', 'Reggeli - PéKséG Reggeli', 1, 1, NULL, NULL, 19, -360.00, 0.00, 1, 0),
(220, '2012-04-12 01:44:14', '2010-11-08', 'Vacsora - Kí­Nai Kaja', 1, 1, NULL, NULL, 20, -680.00, 0.00, 1, 0),
(221, '2012-04-12 01:44:14', '2010-11-08', 'EbéD - Don Pepe Kaja', 1, 1, NULL, NULL, 6, -800.00, 0.00, 1, 0),
(222, '2012-04-12 01:44:14', '2010-11-09', 'Reggeli - PéKséG Reggeli', 1, 1, NULL, NULL, 19, -360.00, 0.00, 1, 0),
(223, '2012-04-12 01:44:14', '2010-11-09', 'Vacsora - Kí­Nai Kaja', 1, 1, NULL, NULL, 20, -680.00, 0.00, 1, 0),
(224, '2012-04-12 01:44:15', '2010-11-09', 'EbéD - Don Pepe Kaja', 1, 1, NULL, NULL, 6, -800.00, 0.00, 1, 0),
(225, '2012-04-12 01:44:15', '2010-11-10', 'Vacsora - Kí­Nai Kaja', 1, 1, NULL, NULL, 20, -680.00, 0.00, 1, 0),
(226, '2012-04-12 01:44:15', '2010-11-10', 'AnyáéKnak AnyáéKnak', 1, 1, NULL, NULL, 29, -20000.00, 0.00, 1, 0),
(227, '2012-04-12 01:44:15', '2010-11-10', 'KöZöSköLtséG Rezsi', 1, 1, NULL, NULL, 30, -12000.00, 0.00, 1, 0),
(228, '2012-04-12 01:44:15', '2010-11-10', 'EbéD - Don Pepe Kaja', 1, 1, NULL, NULL, 6, -800.00, 0.00, 1, 0),
(229, '2012-04-12 01:44:16', '2010-11-10', 'Reggeli - PéKséG Reggeli', 1, 1, NULL, NULL, 19, -360.00, 0.00, 1, 0),
(230, '2012-04-12 01:44:16', '2010-11-11', 'EbéD - Don Pepe Kaja', 1, 1, NULL, NULL, 6, -800.00, 0.00, 1, 0),
(231, '2012-04-12 01:44:16', '2010-11-11', 'Vacsora - Kí­Nai Kaja', 1, 1, NULL, NULL, 20, -680.00, 0.00, 1, 0),
(232, '2012-04-12 01:44:16', '2010-11-11', 'Reggeli - PéKséG Reggeli', 1, 1, NULL, NULL, 19, -360.00, 0.00, 1, 0),
(233, '2012-04-12 01:44:16', '2010-11-12', 'Vacsora - Kí­Nai Kaja', 1, 1, NULL, NULL, 20, -680.00, 0.00, 1, 0),
(234, '2012-04-12 01:44:16', '2010-11-12', 'EbéD - Don Pepe Kaja', 1, 1, NULL, NULL, 6, -800.00, 0.00, 1, 0),
(235, '2012-04-12 01:44:17', '2010-11-12', 'Reggeli - PéKséG Reggeli', 1, 1, NULL, NULL, 19, -360.00, 0.00, 1, 0),
(236, '2012-04-12 01:44:17', '2010-11-12', 'KivéTel A MegtakaríTáSbóL', 3, 6, 237, 1, 34, -40000.00, 0.00, 1, 0),
(237, '2012-04-12 01:44:17', '2010-11-12', 'KivéTel A MegtakaríTáSbóL', 3, 1, NULL, NULL, 34, 40000.00, 0.00, 1, 0),
(238, '2012-04-12 01:44:17', '2010-11-13', 'Ikea SzekréNy VáSáRláS', 1, 1, NULL, NULL, 33, -17900.00, 0.00, 1, 0),
(239, '2012-04-12 01:44:18', '2010-11-13', 'Bkv JegytöMb Bkv BéRlet', 1, 1, NULL, NULL, 21, -2800.00, 0.00, 1, 0),
(240, '2012-04-12 01:44:18', '2010-11-13', 'Shaker VáSáRláS', 1, 1, NULL, NULL, 28, -1490.00, 0.00, 1, 0),
(241, '2012-04-12 01:44:18', '2010-11-13', 'Kaktusz VáSáRláS', 1, 1, NULL, NULL, 28, -1250.00, 0.00, 1, 0),
(242, '2012-04-12 01:44:18', '2010-11-14', 'KabáT VáSáRláS', 1, 1, NULL, NULL, 7, -12900.00, 0.00, 1, 0),
(243, '2012-04-12 01:44:18', '2010-11-15', 'Reggeli - PéKséG Reggeli', 1, 1, NULL, NULL, 19, -360.00, 0.00, 1, 0),
(244, '2012-04-12 01:44:18', '2010-11-15', 'Vacsora - Kí­Nai Kaja', 1, 1, NULL, NULL, 20, -680.00, 0.00, 1, 0),
(245, '2012-04-12 01:44:18', '2010-11-15', 'EbéD - Don Pepe Kaja', 1, 1, NULL, NULL, 6, -800.00, 0.00, 1, 0),
(246, '2012-04-12 01:44:19', '2010-11-15', 'Angol Tanfolyam Tanfolyam', 1, 1, NULL, NULL, 63, -30000.00, 0.00, 1, 0),
(247, '2012-04-12 01:44:19', '2010-11-16', 'EbéD - Don Pepe Kaja', 1, 1, NULL, NULL, 6, -800.00, 0.00, 1, 0),
(248, '2012-04-12 01:44:19', '2010-11-16', 'Reggeli - PéKséG Reggeli', 1, 1, NULL, NULL, 19, -360.00, 0.00, 1, 0),
(249, '2012-04-12 01:44:19', '2010-11-16', 'Vacsora - Kí­Nai Kaja', 1, 1, NULL, NULL, 20, -680.00, 0.00, 1, 0),
(250, '2012-04-12 01:44:19', '2010-11-16', 'Hair cut', 1, 1, NULL, NULL, 40, -1600.00, 0.00, 1, 0),
(251, '2012-04-12 01:44:19', '2010-11-17', 'Internet Chello', 1, 1, NULL, NULL, 39, -5502.00, 0.00, 1, 0),
(252, '2012-04-12 01:44:20', '2010-11-17', 'Reggeli - PéKséG Reggeli', 1, 1, NULL, NULL, 19, -360.00, 0.00, 1, 0),
(253, '2012-04-12 01:44:20', '2010-11-17', 'Vacsora - Kí­Nai Kaja', 1, 1, NULL, NULL, 20, -680.00, 0.00, 1, 0),
(254, '2012-04-12 01:44:20', '2010-11-18', 'Vacsora - Kí­Nai Kaja', 1, 1, NULL, NULL, 20, -680.00, 0.00, 1, 0),
(255, '2012-04-12 01:44:20', '2010-11-18', 'EbéD - Don Pepe Kaja', 1, 1, NULL, NULL, 6, -800.00, 0.00, 1, 0),
(256, '2012-04-12 01:44:20', '2010-11-18', 'Reggeli - PéKséG Reggeli', 1, 1, NULL, NULL, 19, -360.00, 0.00, 1, 0),
(257, '2012-04-12 01:44:20', '2010-11-19', 'EbéD - Don Pepe Kaja', 1, 1, NULL, NULL, 6, -800.00, 0.00, 1, 0),
(258, '2012-04-12 01:44:21', '2010-11-19', 'Vacsora - Kí­Nai Kaja', 1, 1, NULL, NULL, 20, -680.00, 0.00, 1, 0),
(259, '2012-04-12 01:44:21', '2010-11-19', 'Reggeli - PéKséG Reggeli', 1, 1, NULL, NULL, 19, -360.00, 0.00, 1, 0),
(260, '2012-04-12 01:44:21', '2010-11-19', 'EbéD - Pizza Kaja', 1, 1, NULL, NULL, 6, -500.00, 0.00, 1, 0),
(261, '2012-04-12 01:44:21', '2010-11-20', 'KorrigáLáS KorrigáLáS', 1, 1, NULL, NULL, 35, -792.00, 0.00, 1, 0),
(262, '2012-04-12 01:44:21', '2010-11-20', 'Vacsora - Kí­Nai Kaja', 1, 1, NULL, NULL, 20, -480.00, 0.00, 1, 0),
(263, '2012-04-12 01:44:22', '2010-11-20', 'Reggeli, Monster Reggeli', 1, 1, NULL, NULL, 19, -520.00, 0.00, 1, 0),
(264, '2012-04-12 01:44:22', '2010-11-21', 'Vacsora - Mcdonalds Kaja', 1, 1, NULL, NULL, 20, -1160.00, 0.00, 1, 0),
(265, '2012-04-12 01:44:22', '2010-11-22', 'EbéD - Gyros Kaja', 1, 1, NULL, NULL, 6, -1200.00, 0.00, 1, 0),
(266, '2012-04-12 01:44:22', '2010-11-22', 'Reggeli - PogáCsa Reggeli', 1, 1, NULL, NULL, 19, -165.00, 0.00, 1, 0),
(267, '2012-04-12 01:44:22', '2010-11-23', 'Reggeli - Pékség', 1, 1, NULL, NULL, 19, -2010.00, 0.00, 1, 0),
(268, '2012-04-12 01:44:23', '2010-11-23', 'Ebéb - Don pepe', 1, 1, NULL, NULL, 6, -1225.00, 0.00, 1, 0),
(269, '2012-04-12 01:44:23', '2010-11-23', 'Vacsora - Kínai', 1, 1, NULL, NULL, 20, -480.00, 0.00, 1, 0),
(270, '2012-04-12 01:44:23', '2010-11-23', 'Iwebs - Víz, tej', 1, 1, NULL, NULL, 26, -1250.00, 0.00, 1, 0),
(271, '2012-04-12 01:44:23', '2010-11-24', 'Reggeli - Pogácsa', 1, 1, NULL, NULL, 19, -265.00, 0.00, 1, 0),
(272, '2012-04-12 01:44:23', '2010-11-24', 'Ebéd - Don Pepe', 1, 1, NULL, NULL, 6, -980.00, 0.00, 1, 0),
(273, '2012-04-12 01:44:23', '2010-11-24', 'Csoki', 1, 1, NULL, NULL, 4, -240.00, 0.00, 1, 0),
(274, '2012-04-12 01:44:24', '2010-11-24', 'Vacsora - Kínai', 1, 1, NULL, NULL, 20, -680.00, 0.00, 1, 0),
(275, '2012-04-12 01:44:24', '2010-11-25', 'Reggeli - pogácsa', 1, 1, NULL, NULL, 19, -365.00, 0.00, 1, 0),
(276, '2012-04-12 01:44:24', '2010-11-25', 'Villanyszámla', 1, 1, NULL, NULL, 36, -3055.00, 0.00, 1, 0),
(277, '2012-04-12 01:44:24', '2010-11-25', 'Ebéd - Don pepe', 1, 1, NULL, NULL, 6, -480.00, 0.00, 1, 0),
(278, '2012-04-12 01:44:24', '2010-11-25', 'WC papír', 1, 1, NULL, NULL, 25, -1550.00, 0.00, 1, 0),
(279, '2012-04-12 01:44:24', '2010-11-25', 'Fasírt', 1, 1, NULL, NULL, 4, -700.00, 0.00, 1, 0),
(280, '2012-04-12 01:44:25', '2010-11-25', 'Balance', 2, 1, NULL, NULL, 35, 1625.00, 0.00, 1, 0),
(281, '2012-04-12 01:44:25', '2010-11-25', 'BKV - Jegytömb', 1, 1, NULL, NULL, 21, -2800.00, 0.00, 1, 0),
(282, '2012-04-12 01:44:25', '2010-11-25', 'Szőlőlé Lacinak', 2, 1, NULL, NULL, 18, 170.00, 0.00, 1, 0),
(283, '2012-04-12 01:44:25', '2010-11-26', 'Reggeli - pékség', 1, 1, NULL, NULL, 19, -300.00, 0.00, 1, 0),
(284, '2012-04-12 01:44:25', '2010-11-26', 'Ebéd - Don Pepe', 1, 1, NULL, NULL, 6, -460.00, 0.00, 1, 0),
(285, '2012-04-12 01:44:25', '2010-11-26', 'Rizs', 1, 1, NULL, NULL, 4, -300.00, 0.00, 1, 0),
(286, '2012-04-12 01:44:26', '2010-11-26', 'Fél Monster', 1, 1, NULL, NULL, 18, -170.00, 0.00, 1, 0),
(287, '2012-04-12 01:44:26', '2010-11-26', 'Balance', 2, 1, NULL, NULL, 35, 135.00, 0.00, 1, 0),
(288, '2012-04-12 01:44:26', '2010-11-26', 'Vacsora - Kínai', 1, 1, NULL, NULL, 20, -680.00, 0.00, 1, 0),
(289, '2012-04-12 01:44:26', '2010-11-27', 'Ebéd - Kínai', 1, 1, NULL, NULL, 6, -480.00, 0.00, 1, 0),
(290, '2012-04-12 01:44:26', '2010-11-27', 'Harry Potter and The Deathly Hallows ticket', 1, 1, NULL, NULL, 51, -1300.00, 0.00, 1, 0),
(291, '2012-04-12 01:44:27', '2010-11-27', 'Popcorn', 1, 1, NULL, NULL, 51, -510.00, 0.00, 1, 0),
(292, '2012-04-12 01:44:27', '2010-11-28', 'Vacsora - Pizza', 1, 1, NULL, NULL, 20, -1200.00, 0.00, 1, 0),
(293, '2012-04-12 01:44:27', '2010-11-29', 'Reggeli - Pékség', 1, 1, NULL, NULL, 19, -395.00, 0.00, 1, 0),
(294, '2012-04-12 01:44:27', '2010-11-29', 'From savings', 3, 6, 295, 1, 34, -5000.00, 0.00, 1, 0),
(295, '2012-04-12 01:44:27', '2010-11-29', 'From savings', 3, 1, NULL, NULL, 34, 5000.00, 0.00, 1, 0),
(296, '2012-04-12 01:44:28', '2010-11-29', 'Ebéd - Don Pepe', 1, 1, NULL, NULL, 6, -755.00, 0.00, 1, 0),
(297, '2012-04-12 01:44:28', '2010-11-29', 'Bevásárlás - sajt, párizsi, vajkrém', 1, 1, NULL, NULL, 18, -1450.00, 0.00, 1, 0),
(298, '2012-04-12 01:44:28', '2010-11-30', 'Kroasszon', 1, 1, NULL, NULL, 4, -240.00, 0.00, 1, 0),
(299, '2012-04-12 01:44:29', '2010-11-30', 'Vacsora - Kínai', 1, 1, NULL, NULL, 20, -680.00, 0.00, 1, 0),
(300, '2012-04-12 01:44:29', '2010-11-30', 'Reggeli - Pékség', 1, 1, NULL, NULL, 19, -200.00, 0.00, 1, 0),
(301, '2012-04-12 01:44:29', '2010-11-30', 'Ebéd - Don Pepe', 1, 1, NULL, NULL, 6, -600.00, 0.00, 1, 0),
(302, '2012-04-12 01:44:29', '2010-12-01', 'Reggeli - Pékség', 1, 1, NULL, NULL, 19, -200.00, 0.00, 1, 0),
(303, '2012-04-12 01:44:29', '2010-12-01', 'Ebéd - Don Pepe', 1, 1, NULL, NULL, 6, -480.00, 0.00, 1, 0),
(304, '2012-04-12 01:44:30', '2010-12-01', 'From savings', 3, 6, 305, 1, 34, -15000.00, 0.00, 1, 0),
(305, '2012-04-12 01:44:30', '2010-12-01', 'From savings', 3, 1, NULL, NULL, 34, 15000.00, 0.00, 1, 0),
(306, '2012-04-12 01:44:30', '2010-12-02', 'Barbi szülinap - 3 puttonyos Tokaji Aszú', 1, 1, NULL, NULL, 38, -945.00, 0.00, 1, 0),
(307, '2012-04-12 01:44:30', '2010-12-02', 'Barbi szülinapi torta', 1, 1, NULL, NULL, 50, -960.00, 0.00, 1, 0),
(309, '2012-04-12 01:44:31', '2010-12-03', 'Reggeli - pékség', 1, 1, NULL, NULL, 19, -200.00, 0.00, 1, 0),
(310, '2012-04-12 01:44:31', '2010-12-03', 'Ebéd - Don Pepe', 1, 1, NULL, NULL, 6, -755.00, 0.00, 1, 0),
(311, '2012-04-12 01:44:31', '2010-12-03', 'Fizetés', 2, 1, NULL, NULL, 10, 218200.00, 0.00, 1, 0),
(312, '2012-04-12 01:44:31', '2010-12-03', 'Megtakarításba', 3, 1, 313, 6, 13, -60000.00, 0.00, 1, 0),
(313, '2012-04-12 01:44:31', '2010-12-03', 'Megtakarításba', 3, 6, NULL, NULL, 13, 60000.00, 0.00, 1, 0),
(314, '2012-04-12 01:44:32', '2010-12-03', 'Bevásárlás', 1, 1, NULL, NULL, 18, -3550.00, 0.00, 1, 0),
(315, '2012-04-12 01:44:32', '2010-12-03', 'BKV Jegytömb', 1, 1, NULL, NULL, 21, -2800.00, 0.00, 1, 0),
(316, '2012-04-12 01:44:32', '2010-12-03', 'Bakancs', 1, 1, NULL, NULL, 7, -8990.00, 0.00, 1, 0),
(317, '2012-04-12 01:44:32', '2010-12-03', 'Zokni', 1, 1, NULL, NULL, 7, -1490.00, 0.00, 1, 0),
(318, '2012-04-12 01:44:32', '2010-12-03', '60 Euro (281)', 1, 1, NULL, NULL, 65, -16860.00, 0.00, 1, 0),
(319, '2012-04-12 01:44:32', '2010-12-03', 'Megtakarításba', 3, 1, 320, 6, 13, -20000.00, 0.00, 1, 0),
(320, '2012-04-12 01:44:32', '2010-12-03', 'Megtakarításba', 3, 6, NULL, NULL, 13, 20000.00, 0.00, 1, 0),
(321, '2012-04-12 01:44:33', '2010-12-03', 'A. E. Poe - Selected Tales', 1, 1, NULL, NULL, 58, -1060.00, 0.00, 1, 0),
(322, '2012-04-12 01:44:33', '2010-12-05', 'Kávé, Cappuccino', 1, 1, NULL, NULL, 59, -500.00, 0.00, 1, 0),
(323, '2012-04-12 01:44:33', '2010-12-05', 'Ebéd - Kínai', 1, 1, NULL, NULL, 6, -1160.00, 0.00, 1, 0),
(324, '2012-04-12 01:44:33', '2010-12-05', 'Karácsonyi ajándék anyáéktól', 2, 1, NULL, NULL, 50, 3000.00, 0.00, 1, 0),
(325, '2012-04-12 01:44:34', '2010-12-05', 'Balance', 1, 1, NULL, NULL, 35, -1690.00, 0.00, 1, 0),
(326, '2012-04-12 01:44:34', '2010-12-06', 'Reggeli - Pékség', 1, 1, NULL, NULL, 19, -200.00, 0.00, 1, 0),
(327, '2012-04-12 01:44:34', '2010-12-06', 'Ebéd - Kínai', 1, 1, NULL, NULL, 6, -480.00, 0.00, 1, 0),
(328, '2012-04-12 01:44:34', '2010-12-07', 'Reggeli - Pékség', 1, 1, NULL, NULL, 19, -200.00, 0.00, 1, 0),
(329, '2012-04-12 01:44:35', '2010-12-07', 'Ebéd - Don Pepe', 1, 1, NULL, NULL, 6, -1150.00, 0.00, 1, 0),
(330, '2012-04-12 01:44:35', '2010-12-07', 'Grocery', 1, 1, NULL, NULL, 18, -170.00, 0.00, 1, 0),
(331, '2012-04-12 01:44:35', '2010-12-07', 'Rent', 1, 1, NULL, NULL, 27, -50000.00, 0.00, 1, 0),
(332, '2012-04-12 01:44:35', '2010-12-08', 'Reggeli - Pékség', 1, 1, NULL, NULL, 19, -200.00, 0.00, 1, 0),
(333, '2012-04-12 01:44:36', '2010-12-08', 'Ebéd - Don Pepe', 1, 1, NULL, NULL, 6, -380.00, 0.00, 1, 0),
(334, '2012-04-12 01:44:36', '2010-12-08', 'Mamáéknak ajándék', 1, 1, NULL, NULL, 50, -1138.00, 0.00, 1, 0),
(335, '2012-04-12 01:44:36', '2010-12-08', 'Kávé, Hús', 1, 1, NULL, NULL, 18, -1498.00, 0.00, 1, 0),
(336, '2012-04-12 01:44:36', '2010-12-08', 'Vacsora - Pizza', 1, 1, NULL, NULL, 20, -500.00, 0.00, 1, 0),
(337, '2012-04-12 01:44:37', '2010-12-09', 'Reggeli - Pékség', 1, 1, NULL, NULL, 19, -200.00, 0.00, 1, 0),
(339, '2012-04-12 01:44:37', '2010-12-10', 'Reggeli - Pékség', 1, 1, NULL, NULL, 19, -200.00, 0.00, 1, 0),
(340, '2012-04-12 01:44:38', '2010-12-10', 'Ebéd - Don Pepe', 1, 1, NULL, NULL, 6, -1110.00, 0.00, 1, 0),
(341, '2012-04-12 01:44:38', '2010-12-11', 'Reggeli - Bolt', 1, 1, NULL, NULL, 19, -240.00, 0.00, 1, 0),
(342, '2012-04-12 01:44:38', '2010-12-11', 'Ebéd - Pizza', 1, 1, NULL, NULL, 6, -550.00, 0.00, 1, 0),
(343, '2012-04-12 01:44:38', '2010-12-12', 'Bevásárlás', 1, 1, NULL, NULL, 18, -2040.00, 0.00, 1, 0),
(344, '2012-04-12 01:44:39', '2010-12-13', 'Rágó', 1, 1, NULL, NULL, 18, -150.00, 0.00, 1, 0),
(345, '2012-04-12 01:44:39', '2010-12-13', 'Iwebs iroda - kéztörlő', 1, 1, NULL, NULL, 26, -235.00, 0.00, 1, 0),
(346, '2012-04-12 01:44:39', '2010-12-13', 'Mentolos kenőcs', 1, 1, NULL, NULL, 22, -250.00, 0.00, 1, 0),
(347, '2012-04-12 01:44:39', '2010-12-13', 'Colrdex, Algoflex', 1, 1, NULL, NULL, 22, -2640.00, 0.00, 1, 0),
(348, '2012-04-12 01:44:40', '2010-12-13', 'Ebéd - Don Pepe', 1, 1, NULL, NULL, 6, -1180.00, 0.00, 1, 0),
(349, '2012-04-12 01:44:40', '2010-12-14', 'Reggeli - Pékség', 1, 1, NULL, NULL, 19, -200.00, 0.00, 1, 0),
(350, '2012-04-12 01:44:40', '2010-12-14', 'Közösköltség', 1, 1, NULL, NULL, 30, -11400.00, 0.00, 1, 0),
(351, '2012-04-12 01:44:40', '2010-12-14', 'Ebéd - Kínai', 1, 1, NULL, NULL, 6, -480.00, 0.00, 1, 0),
(352, '2012-04-12 01:44:41', '2010-12-15', 'Reggeli - Pékség', 1, 1, NULL, NULL, 19, -370.00, 0.00, 1, 0),
(353, '2012-04-12 01:44:41', '2010-12-15', 'Ebéd - Don Pepe', 1, 1, NULL, NULL, 6, -1100.00, 0.00, 1, 0),
(354, '2012-04-12 01:44:41', '2010-12-16', 'Reggeli - Bolt', 1, 1, NULL, NULL, 19, -370.00, 0.00, 1, 0),
(355, '2012-04-12 01:44:41', '2010-12-16', 'Ebéd - Don Pepe', 1, 1, NULL, NULL, 6, -1210.00, 0.00, 1, 0),
(356, '2012-04-12 01:44:41', '2010-12-16', 'Borotva apának karácsonyra', 1, 1, NULL, NULL, 50, -750.00, 0.00, 1, 0),
(357, '2012-04-12 01:44:41', '2010-12-16', 'Botmixer anyának karácsonyra', 1, 1, NULL, NULL, 50, -2390.00, 0.00, 1, 0),
(358, '2012-04-12 01:44:42', '2010-12-17', 'Vacsora - Kínai', 1, 1, NULL, NULL, 20, -680.00, 0.00, 1, 0),
(359, '2012-04-12 01:44:42', '2010-12-17', 'Reggeli - Pékség', 1, 1, NULL, NULL, 19, -200.00, 0.00, 1, 0),
(360, '2012-04-12 01:44:42', '2010-12-17', 'Ebéd - Don Pepe', 1, 1, NULL, NULL, 6, -980.00, 0.00, 1, 0),
(361, '2012-04-12 01:44:42', '2010-12-17', 'Kávé', 1, 1, NULL, NULL, 18, -800.00, 0.00, 1, 0),
(362, '2012-04-12 01:44:43', '2010-12-17', 'Díjbeszedő', 1, 1, NULL, NULL, 42, -7190.00, 0.00, 1, 0),
(363, '2012-04-12 01:44:43', '2010-12-17', 'Premium', 2, 1, NULL, NULL, 12, 50000.00, 0.00, 1, 0),
(364, '2012-04-12 01:44:43', '2010-12-17', 'To savings', 3, 1, 365, 6, 13, -40000.00, 0.00, 1, 0),
(365, '2012-04-12 01:44:43', '2010-12-17', 'To savings', 3, 6, NULL, NULL, 13, 40000.00, 0.00, 1, 0),
(366, '2012-04-12 01:44:43', '2010-12-19', 'Reggeli - Pékség', 1, 1, NULL, NULL, 19, -350.00, 0.00, 1, 0),
(367, '2012-04-12 01:44:44', '2010-12-20', 'Reggeli - Pékség', 1, 1, NULL, NULL, 19, -350.00, 0.00, 1, 0),
(368, '2012-04-12 01:44:44', '2010-12-20', 'Ebéd - Don Pepe', 1, 1, NULL, NULL, 19, -900.00, 0.00, 1, 0),
(369, '2012-04-12 01:44:44', '2010-12-21', 'Reggeli - Pékség', 1, 1, NULL, NULL, 19, -350.00, 0.00, 1, 0),
(370, '2012-04-12 01:44:44', '2010-12-21', 'Ebéd - Don Pepe', 1, 1, NULL, NULL, 19, -900.00, 0.00, 1, 0),
(371, '2012-04-12 01:44:45', '2010-12-22', 'Reggeli - Pékség', 1, 1, NULL, NULL, 19, -350.00, 0.00, 1, 0),
(372, '2012-04-12 01:44:45', '2010-12-22', 'Ebéd - Don Pepe', 1, 1, NULL, NULL, 19, -900.00, 0.00, 1, 0),
(373, '2012-04-12 01:44:45', '2010-12-23', 'Reggeli - Pékség', 1, 1, NULL, NULL, 19, -350.00, 0.00, 1, 0),
(374, '2012-04-12 01:44:45', '2010-12-23', 'Ebéd - Don Pepe', 1, 1, NULL, NULL, 19, -900.00, 0.00, 1, 0),
(375, '2012-04-12 01:44:45', '2010-12-24', 'Vonatjegy', 1, 1, NULL, NULL, 21, -1500.00, 0.00, 1, 0),
(376, '2012-04-12 01:44:46', '2010-12-26', 'Anyáéknak', 1, 1, NULL, NULL, 29, -10000.00, 0.00, 1, 0),
(377, '2012-04-12 01:44:46', '2010-12-28', 'Reggeli - Pékség', 1, 1, NULL, NULL, 19, -1250.00, 0.00, 1, 0),
(378, '2012-04-12 01:44:46', '2010-12-28', 'Ebéd - Don Pepe', 1, 1, NULL, NULL, 6, -4000.00, 0.00, 1, 0),
(379, '2012-04-12 01:44:46', '2010-12-28', 'Vacsora - Kínai', 1, 1, NULL, NULL, 20, -3400.00, 0.00, 1, 0),
(380, '2012-04-12 01:44:47', '2010-12-31', 'Szilveszteri pia', 1, 1, NULL, NULL, 38, -3800.00, 0.00, 1, 0),
(381, '2012-04-12 01:44:47', '2011-01-04', 'Reggeli - Pékség', 1, 1, NULL, NULL, 19, -1250.00, 0.00, 1, 0),
(382, '2012-04-12 01:44:47', '2011-01-04', 'Ebéd - Don Pepe', 1, 1, NULL, NULL, 6, -4000.00, 0.00, 1, 0),
(383, '2012-04-12 01:44:47', '2011-01-04', 'Vacsora - Kínai', 1, 1, NULL, NULL, 20, -3400.00, 0.00, 1, 0),
(384, '2012-04-12 01:44:47', '2011-01-05', 'Albérlet', 1, 1, NULL, NULL, 27, -50000.00, 0.00, 1, 0),
(385, '2012-04-12 01:44:47', '2011-01-05', 'Fizetés', 2, 1, NULL, NULL, 10, 216000.00, 0.00, 1, 0),
(386, '2012-04-12 01:44:48', '2011-01-06', 'BeHappy bérlet', 1, 1, NULL, NULL, 63, -149000.00, 0.00, 1, 0),
(387, '2012-04-12 01:44:48', '2011-01-06', 'Kivétel a megtakarításból', 3, 6, 388, 1, 34, -140000.00, 0.00, 1, 0),
(388, '2012-04-12 01:44:48', '2011-01-06', 'Kivétel a megtakarításból', 3, 1, NULL, NULL, 34, 140000.00, 0.00, 1, 0),
(389, '2012-04-12 01:44:48', '2011-01-12', 'Reggeli - Pékség', 1, 1, NULL, NULL, 19, -1250.00, 0.00, 1, 0),
(390, '2012-04-12 01:44:48', '2011-01-12', 'Ebéd - Don Pepe', 1, 1, NULL, NULL, 6, -4000.00, 0.00, 1, 0),
(391, '2012-04-12 01:44:48', '2011-01-12', 'Vacsora - Kínai', 1, 1, NULL, NULL, 20, -3400.00, 0.00, 1, 0),
(392, '2012-04-12 01:44:49', '2011-01-17', 'UPC', 1, 1, NULL, NULL, 39, -5015.00, 0.00, 1, 0),
(393, '2012-04-12 01:44:49', '2011-01-17', 'Villanyszámla', 1, 1, NULL, NULL, 36, -4100.00, 0.00, 1, 0),
(394, '2012-04-12 01:44:49', '2011-01-17', 'BKV Bérlet', 1, 1, NULL, NULL, 21, -9800.00, 0.00, 1, 0),
(395, '2012-04-12 01:44:49', '2011-01-18', 'Tesco', 1, 1, NULL, NULL, 18, -730.00, 0.00, 1, 0),
(396, '2012-04-12 01:44:49', '2011-01-19', 'Közös költség', 1, 1, NULL, NULL, 30, -16000.00, 0.00, 1, 0),
(397, '2012-04-12 01:44:49', '2011-01-19', 'Reggeli - Pékség', 1, 1, NULL, NULL, 19, -1250.00, 0.00, 1, 0),
(398, '2012-04-12 01:44:50', '2011-01-19', 'Ebéd - Don Pepe', 1, 1, NULL, NULL, 6, -4000.00, 0.00, 1, 0),
(399, '2012-04-12 01:44:50', '2011-01-19', 'Vacsora - Kínai', 1, 1, NULL, NULL, 20, -3400.00, 0.00, 1, 0),
(400, '2012-04-12 01:44:50', '2011-01-20', 'Rossmann', 1, 1, NULL, NULL, 41, -6430.00, 0.00, 1, 0),
(401, '2012-04-12 01:44:50', '2011-01-24', 'Tesco', 1, 1, NULL, NULL, 18, -1030.00, 0.00, 1, 0),
(402, '2012-04-12 01:44:50', '2011-01-24', 'Fogorvos - Felmérés', 1, 1, NULL, NULL, 62, -7000.00, 0.00, 1, 0),
(403, '2012-04-12 01:44:51', '2011-01-25', 'Vacsora - McDonald''s', 1, 1, NULL, NULL, 20, -1070.00, 0.00, 1, 0),
(404, '2012-04-12 01:44:51', '2011-01-26', 'Reggeli - Pékség', 1, 1, NULL, NULL, 19, -1250.00, 0.00, 1, 0),
(405, '2012-04-12 01:44:51', '2011-01-26', 'Ebéd - Don Pepe', 1, 1, NULL, NULL, 6, -4000.00, 0.00, 1, 0),
(406, '2012-04-12 01:44:51', '2011-01-26', 'Vacsora', 1, 1, NULL, NULL, 20, -2800.00, 0.00, 1, 0),
(407, '2012-04-12 01:44:51', '2011-01-28', 'Tesco', 1, 1, NULL, NULL, 18, -795.00, 0.00, 1, 0),
(408, '2012-04-12 01:44:51', '2011-02-02', 'Reggeli - Pékség', 1, 1, NULL, NULL, 19, -1250.00, 0.00, 1, 0),
(409, '2012-04-12 01:44:52', '2011-02-02', 'Ebéd - Don Pepe', 1, 1, NULL, NULL, 6, -4000.00, 0.00, 1, 0),
(410, '2012-04-12 01:44:52', '2011-02-02', 'Vacsora', 1, 1, NULL, NULL, 20, -3400.00, 0.00, 1, 0),
(411, '2012-04-12 01:44:52', '2011-02-02', 'Gyógyszertár', 1, 1, NULL, NULL, 22, -1165.00, 0.00, 1, 0),
(412, '2012-04-12 01:44:52', '2011-02-03', 'Tesco', 1, 1, NULL, NULL, 18, -3230.00, 0.00, 1, 0),
(413, '2012-04-12 01:44:53', '2011-02-03', 'Fizetés', 2, 1, NULL, NULL, 10, 186000.00, 0.00, 1, 0),
(414, '2012-04-12 01:44:53', '2011-02-05', 'Bolt', 1, 1, NULL, NULL, 18, -2019.00, 0.00, 1, 0),
(415, '2012-04-12 01:44:53', '2011-02-05', 'Albérlet', 1, 1, NULL, NULL, 27, -50000.00, 0.00, 1, 0),
(416, '2012-04-12 01:44:53', '2011-02-06', 'Spar', 1, 1, NULL, NULL, 18, -4293.00, 0.00, 1, 0),
(417, '2012-04-12 01:44:53', '2011-02-07', 'Gyógyszertár', 1, 1, NULL, NULL, 18, -1871.00, 0.00, 1, 0),
(418, '2012-04-12 01:44:54', '2011-02-08', 'Tesco', 1, 1, NULL, NULL, 18, -755.00, 0.00, 1, 0),
(419, '2012-04-12 01:44:54', '2011-02-08', 'Gyógyszertár', 1, 1, NULL, NULL, 18, -1611.00, 0.00, 1, 0),
(420, '2012-04-12 01:44:54', '2011-02-09', 'Reggeli - Pékség', 1, 1, NULL, NULL, 19, -1250.00, 0.00, 1, 0),
(421, '2012-04-12 01:44:54', '2011-02-09', 'Ebéd - Don Pepe', 1, 1, NULL, NULL, 6, -4000.00, 0.00, 1, 0),
(422, '2012-04-12 01:44:54', '2011-02-09', 'Vacsora - McDonald''s', 1, 1, NULL, NULL, 20, -3400.00, 0.00, 1, 0),
(423, '2012-04-12 01:44:54', '2011-02-11', 'McDonald''s', 1, 1, NULL, NULL, 18, -1160.00, 0.00, 1, 0),
(424, '2012-04-12 01:44:55', '2011-02-14', 'Gyógyszertár', 1, 1, NULL, NULL, 22, -639.00, 0.00, 1, 0),
(425, '2012-04-12 01:44:55', '2011-02-14', 'Tesco', 1, 1, NULL, NULL, 18, -810.00, 0.00, 1, 0),
(426, '2012-04-12 01:44:55', '2011-02-16', 'Közös költség', 1, 1, NULL, NULL, 30, -14000.00, 0.00, 1, 0),
(427, '2012-04-12 01:44:55', '2011-02-16', 'Reggeli - Pékség', 1, 1, NULL, NULL, 19, -1250.00, 0.00, 1, 0),
(428, '2012-04-12 01:44:55', '2011-02-16', 'Ebéd - Don Pepe', 1, 1, NULL, NULL, 6, -4000.00, 0.00, 1, 0),
(429, '2012-04-12 01:44:55', '2011-02-16', 'Vacsora - Kínai', 1, 1, NULL, NULL, 20, -3400.00, 0.00, 1, 0),
(430, '2012-04-12 01:44:55', '2011-02-18', 'McDonald''s', 1, 1, NULL, NULL, 20, -1160.00, 0.00, 1, 0),
(431, '2012-04-12 01:44:56', '2011-02-19', 'Spar', 1, 1, NULL, NULL, 18, -4390.00, 0.00, 1, 0),
(432, '2012-04-12 01:44:56', '2011-02-21', 'McDonald''s', 1, 1, NULL, NULL, 20, -1160.00, 0.00, 1, 0),
(433, '2012-04-12 01:44:56', '2011-02-21', 'BKV jegyek', 1, 1, NULL, NULL, 21, -1920.00, 0.00, 1, 0),
(434, '2012-04-12 01:44:56', '2011-02-21', 'Próbanyelvvizsga', 1, 1, NULL, NULL, 63, -6000.00, 0.00, 1, 0),
(435, '2012-04-12 01:44:56', '2011-02-23', 'BKV bérlet', 1, 1, NULL, NULL, 21, -9800.00, 0.00, 1, 0),
(436, '2012-04-12 01:44:57', '2011-02-23', 'Reggeli - Pékség', 1, 1, NULL, NULL, 19, -1250.00, 0.00, 1, 0),
(437, '2012-04-12 01:44:57', '2011-02-23', 'Ebéd - Don Pepe', 1, 1, NULL, NULL, 6, -4000.00, 0.00, 1, 0),
(438, '2012-04-12 01:44:57', '2011-02-23', 'Vacsora - Kínai', 1, 1, NULL, NULL, 20, -3400.00, 0.00, 1, 0),
(439, '2012-04-12 01:44:57', '2011-02-24', 'Villanyszámla', 1, 1, NULL, NULL, 36, -3875.00, 0.00, 1, 0),
(440, '2012-04-12 01:44:57', '2011-02-24', 'Díjbeszedő', 1, 1, NULL, NULL, 42, -4916.00, 0.00, 1, 0),
(441, '2012-04-12 01:44:57', '2011-02-24', 'Pizza', 1, 1, NULL, NULL, 20, -1200.00, 0.00, 1, 0),
(442, '2012-04-12 01:44:58', '2011-02-27', 'Pizza', 1, 1, NULL, NULL, 20, -1400.00, 0.00, 1, 0),
(443, '2012-04-12 01:44:58', '2011-02-27', 'Balance', 1, 1, NULL, NULL, 35, -31000.00, 0.00, 1, 0),
(444, '2012-04-12 01:44:58', '2011-02-27', 'Spar', 1, 1, NULL, NULL, 18, -4386.00, 0.00, 1, 0),
(445, '2012-04-12 01:44:58', '2011-02-28', 'BeHappy - Nyelvvizsga felkészítő', 1, 1, NULL, NULL, 63, -28000.00, 0.00, 1, 0),
(446, '2012-04-12 01:44:58', '2011-03-01', 'Vacsora', 1, 1, NULL, NULL, 20, -3400.00, 0.00, 1, 0),
(447, '2012-04-12 01:44:58', '2011-03-01', 'Ebéd - Don Pepe', 1, 1, NULL, NULL, 6, -4000.00, 0.00, 1, 0),
(448, '2012-04-12 01:44:58', '2011-03-01', 'Reggeli - Pékség', 1, 1, NULL, NULL, 19, -1250.00, 0.00, 1, 0),
(449, '2012-04-12 01:44:59', '2011-03-04', 'Algoflex forte', 1, 1, NULL, NULL, 22, -1255.00, 0.00, 1, 0),
(450, '2012-04-12 01:44:59', '2011-03-04', 'Fizetés', 2, 1, NULL, NULL, 10, 181012.00, 0.00, 1, 0),
(451, '2012-04-12 01:44:59', '2011-03-05', 'Albérlet', 1, 1, NULL, NULL, 27, -50000.00, 0.00, 1, 0),
(452, '2012-04-12 01:44:59', '2011-03-06', 'Kisbolt', 1, 1, NULL, NULL, 18, -1840.00, 0.00, 1, 0),
(453, '2012-04-12 01:44:59', '2011-03-06', 'Balance', 1, 1, NULL, NULL, 35, -19779.00, 0.00, 1, 0),
(454, '2012-04-12 01:44:59', '2011-03-09', 'Reggeli - Pékség', 1, 1, NULL, NULL, 19, -1250.00, 0.00, 1, 0),
(455, '2012-04-12 01:45:00', '2011-03-09', 'Ebéd - Don Pepe', 1, 1, NULL, NULL, 6, -4000.00, 0.00, 1, 0),
(456, '2012-04-12 01:45:00', '2011-03-09', 'Vacsora - Kínai', 1, 1, NULL, NULL, 20, -3400.00, 0.00, 1, 0),
(457, '2012-04-12 01:45:00', '2011-03-11', 'Internet Chello', 1, 1, NULL, NULL, 39, -10015.00, 0.00, 1, 0),
(458, '2012-04-12 01:45:00', '2011-03-12', 'Kisbolt', 1, 1, NULL, NULL, 18, -4278.00, 0.00, 1, 0),
(459, '2012-04-12 01:45:00', '2011-03-14', 'Reggeli - Pékség', 1, 1, NULL, NULL, 19, -1250.00, 0.00, 1, 0),
(460, '2012-04-12 01:45:00', '2011-03-16', 'Ebéd - Don Pepe', 1, 1, NULL, NULL, 6, -4000.00, 0.00, 1, 0),
(461, '2012-04-12 01:45:00', '2011-03-16', 'Közös költség', 1, 1, NULL, NULL, 30, -14000.00, 0.00, 1, 0),
(462, '2012-04-12 01:45:01', '2011-03-16', 'Rossmann', 1, 1, NULL, NULL, 41, -2667.00, 0.00, 1, 0),
(463, '2012-04-12 01:45:01', '2011-03-18', 'Vacsora - McDonald''s', 1, 1, NULL, NULL, 20, -4000.00, 0.00, 1, 0);
INSERT INTO `transaction` (`id`, `created_at`, `date`, `description`, `transaction_type_id`, `account_id`, `transfer_transaction_id`, `to_account_id`, `category_id`, `amount`, `account_balance`, `transaction_status_id`, `deleted`) VALUES
(464, '2012-04-12 01:45:01', '2011-03-20', 'Spar', 1, 1, NULL, NULL, 18, -5101.00, 0.00, 1, 0),
(465, '2012-04-12 01:45:01', '2011-03-21', 'Reggeli - Pékség', 1, 1, NULL, NULL, 19, -1250.00, 0.00, 1, 0),
(466, '2012-04-12 01:45:01', '2011-03-21', 'Fűzetés', 1, 1, NULL, NULL, 64, -1500.00, 0.00, 1, 0),
(467, '2012-04-12 01:45:01', '2011-03-21', 'BKV Jegyek', 1, 1, NULL, NULL, 21, -1280.00, 0.00, 1, 0),
(468, '2012-04-12 01:45:02', '2011-03-23', 'Ebéd - Don Pepe', 1, 1, NULL, NULL, 6, -4000.00, 0.00, 1, 0),
(469, '2012-04-12 01:45:02', '2011-03-24', 'Fodrász', 1, 1, NULL, NULL, 41, -2500.00, 0.00, 1, 0),
(470, '2012-04-12 01:45:02', '2011-03-25', 'Vacsora', 1, 1, NULL, NULL, 20, -4000.00, 0.00, 1, 0),
(471, '2012-04-12 01:45:02', '2011-03-25', 'BKV bérlet', 1, 1, NULL, NULL, 21, -9800.00, 0.00, 1, 0),
(472, '2012-04-12 01:45:02', '2011-03-26', 'Vonatjegy', 1, 1, NULL, NULL, 21, -2220.00, 0.00, 1, 0),
(473, '2012-04-12 01:45:02', '2011-03-27', 'Névnapi ajándék', 2, 1, NULL, NULL, 50, 3000.00, 0.00, 1, 0),
(474, '2012-04-12 01:45:02', '2011-03-28', 'Kisbolt', 1, 1, NULL, NULL, 18, -1238.00, 0.00, 1, 0),
(475, '2012-04-12 01:45:03', '2011-03-28', 'Rossmann', 1, 1, NULL, NULL, 41, -1977.00, 0.00, 1, 0),
(476, '2012-04-12 01:45:03', '2011-03-28', 'Reggeli - Pékség', 1, 1, NULL, NULL, 19, -1000.00, 0.00, 1, 0),
(477, '2012-04-12 01:45:03', '2011-03-30', 'Ebéd', 1, 1, NULL, NULL, 6, -2800.00, 0.00, 1, 0),
(478, '2012-04-12 01:45:03', '2011-03-31', 'Villanyszámla', 1, 1, NULL, NULL, 36, -4271.00, 0.00, 1, 0),
(479, '2012-04-12 01:45:03', '2011-04-01', 'Vacsora', 1, 1, NULL, NULL, 20, -2800.00, 0.00, 1, 0),
(480, '2012-04-12 01:45:03', '2011-04-03', 'Spar', 1, 1, NULL, NULL, 18, -4900.00, 0.00, 1, 0),
(481, '2012-04-12 01:45:04', '2011-04-04', 'Nyelvvizsga díj', 1, 1, NULL, NULL, 63, -26900.00, 0.00, 1, 0),
(482, '2012-04-12 01:45:04', '2011-04-05', 'Fizetés', 2, 1, NULL, NULL, 10, 225000.00, 0.00, 1, 0),
(483, '2012-04-12 01:45:04', '2011-04-05', 'Megtakarításba', 3, 1, 484, 6, 13, -40000.00, 0.00, 1, 0),
(484, '2012-04-12 01:45:04', '2011-04-05', 'Megtakarításba', 3, 6, NULL, NULL, 13, 40000.00, 0.00, 1, 0),
(485, '2012-04-12 01:45:04', '2011-04-06', 'Reggeli - Pékség', 1, 1, NULL, NULL, 19, -200.00, 0.00, 1, 0),
(486, '2012-04-12 01:45:04', '2011-04-06', 'Ebéd - Don Pepe', 1, 1, NULL, NULL, 6, -720.00, 0.00, 1, 0),
(487, '2012-04-12 01:45:05', '2011-04-06', 'Albérlet', 1, 1, NULL, NULL, 27, -50000.00, 0.00, 1, 0),
(488, '2012-04-12 01:45:05', '2011-04-06', 'Zsömle', 1, 1, NULL, NULL, 18, -105.00, 0.00, 1, 0),
(489, '2012-04-12 01:45:05', '2011-04-06', 'Pénztárcába', 3, 1, 490, 2, 9, -14460.00, 0.00, 1, 0),
(490, '2012-04-12 01:45:05', '2011-04-06', 'Pénztárcába', 3, 2, NULL, NULL, 9, 14460.00, 0.00, 1, 0),
(491, '2012-04-12 01:45:05', '2011-04-07', 'Reggeli - pékség', 1, 2, NULL, NULL, 19, -200.00, 0.00, 1, 0),
(492, '2012-04-12 01:45:06', '2011-04-07', 'Ebéd - Don Pepe', 1, 2, NULL, NULL, 6, -850.00, 0.00, 1, 0),
(493, '2012-04-12 01:45:06', '2011-04-07', 'Kis bolt', 1, 2, NULL, NULL, 18, -880.00, 0.00, 1, 0),
(494, '2012-04-12 01:45:06', '2011-04-08', 'Reggeli - Pékség', 1, 2, NULL, NULL, 19, -200.00, 0.00, 1, 0),
(495, '2012-04-12 01:45:06', '2011-04-08', 'Ebéd - Grillcsirke, saláta, gyümölcsök', 1, 2, NULL, NULL, 6, -1000.00, 0.00, 1, 0),
(496, '2012-04-12 01:45:06', '2011-04-08', 'Vacsora - Kínai', 1, 2, NULL, NULL, 20, -680.00, 0.00, 1, 0),
(497, '2012-04-12 01:45:06', '2011-04-09', 'Cipő', 1, 2, NULL, NULL, 7, -20000.00, 0.00, 1, 0),
(498, '2012-04-12 01:45:06', '2011-04-09', 'Ruha', 1, 2, NULL, NULL, 7, -4490.00, 0.00, 1, 0),
(499, '2012-04-12 01:45:07', '2011-04-09', 'Pénztárcába', 3, 1, 500, 2, 9, -20000.00, 0.00, 1, 0),
(500, '2012-04-12 01:45:07', '2011-04-09', 'Pénztárcába', 3, 2, NULL, NULL, 9, 20000.00, 0.00, 1, 0),
(501, '2012-04-12 01:45:07', '2011-04-09', 'Kaja - Kisbolt', 1, 2, NULL, NULL, 18, -810.00, 0.00, 1, 0),
(502, '2012-04-12 01:45:07', '2011-04-09', 'Tesco - Virsli, zsömle', 1, 2, NULL, NULL, 18, -636.00, 0.00, 1, 0),
(503, '2012-04-12 01:45:07', '2011-04-09', 'Dávid szülinapra Vilmos', 1, 2, NULL, NULL, 50, -1700.00, 0.00, 1, 0),
(504, '2012-04-12 01:45:07', '2011-04-09', 'Beugró', 1, 2, NULL, NULL, 38, -1500.00, 0.00, 1, 0),
(505, '2012-04-12 01:45:08', '2011-04-09', 'Taxi', 1, 2, NULL, NULL, 38, -1000.00, 0.00, 1, 0),
(506, '2012-04-12 01:45:08', '2011-04-09', 'Whiskey kóla', 1, 2, NULL, NULL, 38, -1200.00, 0.00, 1, 0),
(507, '2012-04-12 01:45:08', '2011-04-09', '2 ásványvíz', 1, 2, NULL, NULL, 38, -600.00, 0.00, 1, 0),
(508, '2012-04-12 01:45:08', '2011-04-09', 'Pénztárcába', 3, 1, 509, 2, 9, -20000.00, 0.00, 1, 0),
(509, '2012-04-12 01:45:08', '2011-04-09', 'Pénztárcába', 3, 2, NULL, NULL, 9, 20000.00, 0.00, 1, 0),
(510, '2012-04-12 01:45:08', '2011-04-09', 'Rágó', 1, 2, NULL, NULL, 38, -116.00, 0.00, 1, 0),
(511, '2012-04-12 01:45:09', '2011-04-09', 'Balance', 1, 2, NULL, NULL, 35, -198.00, 0.00, 1, 0),
(512, '2012-04-12 01:45:09', '2011-04-10', 'Kisbolt', 1, 2, NULL, NULL, 18, -420.00, 0.00, 1, 0),
(513, '2012-04-12 01:45:09', '2011-04-11', 'Díjbeszedő', 1, 2, NULL, NULL, 42, -5500.00, 0.00, 1, 0),
(514, '2012-04-12 01:45:09', '2011-04-11', 'Reggeli - Pékség', 1, 2, NULL, NULL, 19, -345.00, 0.00, 1, 0),
(515, '2012-04-12 01:45:09', '2011-04-11', 'Ebéd - Don Pepe', 1, 2, NULL, NULL, 6, -1190.00, 0.00, 1, 0),
(516, '2012-04-12 01:45:09', '2011-04-11', 'Kisbolt', 1, 2, NULL, NULL, 18, -880.00, 0.00, 1, 0),
(517, '2012-04-12 01:45:10', '2011-04-11', 'Pénztárcába', 3, 1, 518, 2, 9, -20000.00, 0.00, 1, 0),
(518, '2012-04-12 01:45:10', '2011-04-11', 'Pénztárcába', 3, 2, NULL, NULL, 9, 20000.00, 0.00, 1, 0),
(519, '2012-04-12 01:45:10', '2011-04-12', 'Fogorvos - Tömés', 1, 2, NULL, NULL, 62, -14000.00, 0.00, 1, 0),
(520, '2012-04-12 01:45:10', '2011-04-12', 'Reggeli - Pékség', 1, 2, NULL, NULL, 19, -200.00, 0.00, 1, 0),
(521, '2012-04-12 01:45:10', '2011-04-12', 'Ebéd - Saláta', 1, 2, NULL, NULL, 6, -1000.00, 0.00, 1, 0),
(522, '2012-04-12 01:45:10', '2011-04-12', 'Kisbolt', 1, 2, NULL, NULL, 18, -660.00, 0.00, 1, 0),
(523, '2012-04-12 01:45:11', '2011-04-12', 'Pénztárcába', 3, 1, 524, 2, 9, -20000.00, 0.00, 1, 0),
(524, '2012-04-12 01:45:11', '2011-04-12', 'Pénztárcába', 3, 2, NULL, NULL, 9, 20000.00, 0.00, 1, 0),
(525, '2012-04-12 01:45:11', '2011-04-13', 'Reggeli - Pékség', 1, 2, NULL, NULL, 19, -200.00, 0.00, 1, 0),
(526, '2012-04-12 01:45:11', '2011-04-13', 'Ebéd - Don Pepe', 1, 2, NULL, NULL, 6, -410.00, 0.00, 1, 0),
(527, '2012-04-12 01:45:11', '2011-04-13', 'Tokaji Aszú - Davenek ZP-re', 1, 2, NULL, NULL, 38, -950.00, 0.00, 1, 0),
(528, '2012-04-12 01:45:11', '2011-04-13', 'A2 Hosting tárhely', 1, 2, NULL, NULL, 52, -6000.00, 0.00, 1, 0),
(529, '2012-04-12 01:45:12', '2011-04-13', 'Vacsora - Kínai', 1, 2, NULL, NULL, 20, -680.00, 0.00, 1, 0),
(530, '2012-04-12 01:45:12', '2011-04-14', 'Reggeli - Pékség', 1, 2, NULL, NULL, 19, -200.00, 0.00, 1, 0),
(531, '2012-04-12 01:45:12', '2011-04-14', 'Fűzetés', 1, 2, NULL, NULL, 63, -280.00, 0.00, 1, 0),
(532, '2012-04-12 01:45:12', '2011-04-14', 'Ebéd - Gyros', 1, 2, NULL, NULL, 6, -1200.00, 0.00, 1, 0),
(533, '2012-04-12 01:45:12', '2011-04-14', 'Kisbolt', 1, 2, NULL, NULL, 18, -965.00, 0.00, 1, 0),
(534, '2012-04-12 01:45:12', '2011-04-15', 'Reggeli - Pékség', 1, 2, NULL, NULL, 19, -395.00, 0.00, 1, 0),
(535, '2012-04-12 01:45:13', '2011-04-15', 'Ebéd - Saláta', 1, 2, NULL, NULL, 6, -1000.00, 0.00, 1, 0),
(536, '2012-04-12 01:45:13', '2011-04-15', 'Vacsora - Kínai', 1, 2, NULL, NULL, 20, -680.00, 0.00, 1, 0),
(537, '2012-04-12 01:45:13', '2011-04-16', 'Kisbolt', 1, 2, NULL, NULL, 18, -1780.00, 0.00, 1, 0),
(538, '2012-04-12 01:45:13', '2011-04-17', 'Tesco kaja', 1, 2, NULL, NULL, 18, -2415.00, 0.00, 1, 0),
(539, '2012-04-12 01:45:14', '2011-04-17', 'Mosópor, zsebkendő', 1, 2, NULL, NULL, 25, -2210.00, 0.00, 1, 0),
(540, '2012-04-12 01:45:14', '2011-04-17', 'Szájvíz', 1, 2, NULL, NULL, 41, -715.00, 0.00, 1, 0),
(541, '2012-04-12 01:45:14', '2011-04-17', 'Vodafone', 1, 2, NULL, NULL, 23, -3000.00, 0.00, 1, 0),
(542, '2012-04-12 01:45:14', '2011-04-17', 'Algoflex forte', 1, 2, NULL, NULL, 22, -1280.00, 0.00, 1, 0),
(543, '2012-04-12 01:45:14', '2011-04-18', 'Közös költség', 1, 2, NULL, NULL, 30, -15000.00, 0.00, 1, 0),
(544, '2012-04-12 01:45:14', '2011-04-18', 'Reggeli - Pékség', 1, 2, NULL, NULL, 19, -200.00, 0.00, 1, 0),
(545, '2012-04-12 01:45:15', '2011-04-18', 'Pénztárcába', 3, 1, 546, 2, 9, -20000.00, 0.00, 1, 0),
(546, '2012-04-12 01:45:15', '2011-04-18', 'Pénztárcába', 3, 2, NULL, NULL, 9, 20000.00, 0.00, 1, 0),
(547, '2012-04-12 01:45:15', '2011-04-18', 'To OTP', 3, 2, 548, 13, 11, -5000.00, 0.00, 1, 0),
(548, '2012-04-12 01:45:15', '2011-04-18', 'To OTP', 3, 13, NULL, NULL, 11, 5000.00, 0.00, 1, 0),
(549, '2012-04-12 01:45:15', '2011-04-18', 'Ebéd - McDonalds', 1, 2, NULL, NULL, 6, -930.00, 0.00, 1, 0),
(550, '2012-04-12 01:45:16', '2011-04-18', 'Spar', 1, 2, NULL, NULL, 18, -1730.00, 0.00, 1, 0),
(551, '2012-04-12 01:45:16', '2011-04-19', 'Reggeli - Pékség', 1, 2, NULL, NULL, 19, -200.00, 0.00, 1, 0),
(552, '2012-04-12 01:45:16', '2011-04-19', 'Kisbolt', 1, 2, NULL, NULL, 18, -400.00, 0.00, 1, 0),
(553, '2012-04-12 01:45:16', '2011-04-19', 'Pénztárcába', 3, 1, 554, 2, 9, -20000.00, 0.00, 1, 0),
(554, '2012-04-12 01:45:16', '2011-04-19', 'Pénztárcába', 3, 2, NULL, NULL, 9, 20000.00, 0.00, 1, 0),
(555, '2012-04-12 01:45:17', '2011-04-19', 'Fogorvos - Fogkőleszedés', 1, 2, NULL, NULL, 62, -16000.00, 0.00, 1, 0),
(556, '2012-04-12 01:45:17', '2011-04-20', 'Ebéd - Don Pepe', 1, 2, NULL, NULL, 6, -980.00, 0.00, 1, 0),
(557, '2012-04-12 01:45:17', '2011-04-20', 'Iwebs cuccok', 1, 2, NULL, NULL, 26, -1915.00, 0.00, 1, 0),
(558, '2012-04-12 01:45:17', '2011-04-20', 'Fogselyem', 1, 2, NULL, NULL, 41, -635.00, 0.00, 1, 0),
(559, '2012-04-12 01:45:17', '2011-04-20', 'Rágó', 1, 2, NULL, NULL, 18, -170.00, 0.00, 1, 0),
(560, '2012-04-12 01:45:17', '2011-04-20', 'Tesco fuck', 1, 2, NULL, NULL, 55, -300.00, 0.00, 1, 0),
(561, '2012-04-12 01:45:17', '2011-04-20', 'Reggeli - pékség', 1, 2, NULL, NULL, 19, -300.00, 0.00, 1, 0),
(562, '2012-04-12 01:45:18', '2011-04-20', 'Kisbolt', 1, 2, NULL, NULL, 18, -485.00, 0.00, 1, 0),
(563, '2012-04-12 01:45:18', '2011-04-21', 'Reggeli - Pékség', 1, 2, NULL, NULL, 19, -240.00, 0.00, 1, 0),
(564, '2012-04-12 01:45:18', '2011-04-21', 'Ebéd - Don Pepe', 1, 2, NULL, NULL, 6, -770.00, 0.00, 1, 0),
(565, '2012-04-12 01:45:18', '2011-04-21', 'Taxi', 1, 2, NULL, NULL, 21, -2800.00, 0.00, 1, 0),
(566, '2012-04-12 01:45:18', '2011-04-21', 'Pénztárcába', 3, 1, 567, 2, 9, -20000.00, 0.00, 1, 0),
(567, '2012-04-12 01:45:18', '2011-04-21', 'Pénztárcába', 3, 2, NULL, NULL, 9, 20000.00, 0.00, 1, 0),
(568, '2012-04-12 01:45:19', '2011-04-22', 'Anyáéknak', 1, 2, NULL, NULL, 29, -10000.00, 0.00, 1, 0),
(569, '2012-04-12 01:45:19', '2011-04-22', 'Gyógyszer', 1, 2, NULL, NULL, 22, -5510.00, 0.00, 1, 0),
(570, '2012-04-12 01:45:19', '2011-04-22', 'Ebéd - Pizza Forte', 1, 2, NULL, NULL, 6, -1000.00, 0.00, 1, 0),
(571, '2012-04-12 01:45:19', '2011-04-22', 'Spar', 1, 2, NULL, NULL, 18, -4335.00, 0.00, 1, 0),
(572, '2012-04-12 01:45:19', '2011-04-22', 'sványvíz', 1, 2, NULL, NULL, 18, -510.00, 0.00, 1, 0),
(573, '2012-04-12 01:45:19', '2011-04-22', 'RV előfizetés', 1, 13, NULL, NULL, 59, -1970.00, 0.00, 1, 0),
(574, '2012-04-12 01:45:20', '2011-04-22', 'Kivétel a megtakarításból', 3, 6, 575, 2, 34, -20000.00, 0.00, 1, 0),
(575, '2012-04-12 01:45:20', '2011-04-22', 'Kivétel a megtakarításból', 3, 2, NULL, NULL, 34, 20000.00, 0.00, 1, 0),
(576, '2012-04-12 01:45:20', '2011-04-22', 'Tesco kaja', 1, 2, NULL, NULL, 18, -1860.00, 0.00, 1, 0),
(577, '2012-04-12 01:45:20', '2011-04-22', 'Tefal serpenyő', 1, 2, NULL, NULL, 28, -3200.00, 0.00, 1, 0),
(578, '2012-04-12 01:45:20', '2011-04-22', 'Vágódeszka', 1, 2, NULL, NULL, 28, -410.00, 0.00, 1, 0),
(579, '2012-04-12 01:45:21', '2011-04-22', 'Kóla', 1, 2, NULL, NULL, 38, -315.00, 0.00, 1, 0),
(580, '2012-04-12 01:45:21', '2011-04-22', 'RV tárca', 1, 13, NULL, NULL, 59, -800.00, 0.00, 1, 0),
(581, '2012-04-12 01:45:21', '2011-04-23', 'WC papír', 1, 2, NULL, NULL, 25, -320.00, 0.00, 1, 0),
(582, '2012-04-12 01:45:21', '2011-04-23', 'Krasszant', 1, 2, NULL, NULL, 18, -240.00, 0.00, 1, 0),
(583, '2012-04-12 01:45:21', '2011-04-26', 'Reggeli - Pékség', 1, 2, NULL, NULL, 19, -200.00, 0.00, 1, 0),
(584, '2012-04-12 01:45:21', '2011-04-26', 'Ebéd - McDonalds', 1, 2, NULL, NULL, 6, -860.00, 0.00, 1, 0),
(585, '2012-04-12 01:45:21', '2011-04-26', 'No-Spa gyógyszer', 1, 2, NULL, NULL, 22, -540.00, 0.00, 1, 0),
(586, '2012-04-12 01:45:22', '2011-04-26', 'Vacsora - McDonald''s', 1, 2, NULL, NULL, 20, -860.00, 0.00, 1, 0),
(587, '2012-04-12 01:45:22', '2011-04-26', 'From savings', 3, 6, 588, 2, 34, -20000.00, 0.00, 1, 0),
(588, '2012-04-12 01:45:22', '2011-04-26', 'From savings', 3, 2, NULL, NULL, 34, 20000.00, 0.00, 1, 0),
(589, '2012-04-12 01:45:22', '2011-04-27', 'Tesco', 1, 2, NULL, NULL, 18, -1755.00, 0.00, 1, 0),
(590, '2012-04-12 01:45:22', '2011-04-27', 'Ebéd', 1, 2, NULL, NULL, 6, -490.00, 0.00, 1, 0),
(591, '2012-04-12 01:45:23', '2011-04-28', 'Vacsora - McDonald''s', 1, 2, NULL, NULL, 20, -860.00, 0.00, 1, 0),
(592, '2012-04-12 01:45:23', '2011-04-29', 'Villanyszámla', 1, 2, NULL, NULL, 36, -4000.00, 0.00, 1, 0),
(593, '2012-04-12 01:45:23', '2011-04-29', 'No-Spa gyógyszer', 1, 2, NULL, NULL, 22, -540.00, 0.00, 1, 0),
(594, '2012-04-12 01:45:23', '2011-04-29', 'BKV Jegy gyűjtő', 1, 2, NULL, NULL, 21, -2800.00, 0.00, 1, 0),
(595, '2012-04-12 01:45:23', '2011-04-30', 'Vacsora - McDonald''s', 1, 2, NULL, NULL, 20, -1180.00, 0.00, 1, 0),
(596, '2012-04-12 01:45:23', '2011-05-01', 'Balance', 1, 2, NULL, NULL, 35, -4225.00, 0.00, 1, 0),
(597, '2012-04-12 01:45:23', '2011-05-02', 'Fogkrém', 1, 2, NULL, NULL, 41, -350.00, 0.00, 1, 0),
(598, '2012-04-12 01:45:24', '2011-05-02', 'Ebéd - McDonald''s', 1, 2, NULL, NULL, 6, -930.00, 0.00, 1, 0),
(599, '2012-04-12 01:45:24', '2011-05-03', 'Tesco', 1, 2, NULL, NULL, 18, -965.00, 0.00, 1, 0),
(600, '2012-04-12 01:45:24', '2011-05-04', 'Reggeli - Pékség', 1, 2, NULL, NULL, 19, -1000.00, 0.00, 1, 0),
(601, '2012-04-12 01:45:24', '2011-05-04', 'Ebéd - Don Pepe', 1, 2, NULL, NULL, 6, -3000.00, 0.00, 1, 0),
(602, '2012-04-12 01:45:24', '2011-05-04', 'Vacsora', 1, 2, NULL, NULL, 20, -1500.00, 0.00, 1, 0),
(603, '2012-04-12 01:45:24', '2011-05-05', 'Tesco', 1, 2, NULL, NULL, 18, -1525.00, 0.00, 1, 0),
(604, '2012-04-12 01:45:25', '2011-05-05', 'Fizetés', 2, 2, NULL, NULL, 10, 186000.00, 0.00, 1, 0),
(605, '2012-04-12 01:45:25', '2011-05-05', 'Albérlet', 1, 2, NULL, NULL, 27, -50000.00, 0.00, 1, 0),
(606, '2012-04-12 01:45:25', '2011-05-06', 'Internet Chello', 1, 2, NULL, NULL, 39, -5000.00, 0.00, 1, 0),
(607, '2012-04-12 01:45:25', '2011-05-06', 'Vizsgára bevásárlás', 1, 2, NULL, NULL, 18, -1740.00, 0.00, 1, 0),
(608, '2012-04-12 01:45:25', '2011-05-06', 'Bérlet', 1, 2, NULL, NULL, 21, -9800.00, 0.00, 1, 0),
(609, '2012-04-12 01:45:25', '2011-05-07', 'Ebéd - McDonald''s', 1, 2, NULL, NULL, 6, -500.00, 0.00, 1, 0),
(610, '2012-04-12 01:45:26', '2011-05-09', 'Rowatinex, No-spa', 1, 2, NULL, NULL, 22, -1711.00, 0.00, 1, 0),
(611, '2012-04-12 01:45:26', '2011-05-11', 'Reggeli - Pékség', 1, 2, NULL, NULL, 19, -1600.00, 0.00, 1, 0),
(612, '2012-04-12 01:45:26', '2011-05-11', 'Kisbolt', 1, 2, NULL, NULL, 18, -544.00, 0.00, 1, 0),
(613, '2012-04-12 01:45:26', '2011-05-11', 'Ebéd - Don Pepe', 1, 2, NULL, NULL, 6, -4000.00, 0.00, 1, 0),
(614, '2012-04-12 01:45:26', '2011-05-14', 'Vonatjegy', 1, 2, NULL, NULL, 21, -2220.00, 0.00, 1, 0),
(615, '2012-04-12 01:45:26', '2011-05-16', 'Körömvirágkrém', 1, 2, NULL, NULL, 22, -680.00, 0.00, 1, 0),
(616, '2012-04-12 01:45:26', '2011-05-18', 'Ebéd - Don Pepe', 1, 2, NULL, NULL, 6, -4500.00, 0.00, 1, 0),
(617, '2012-04-12 01:45:27', '2011-05-18', 'Reggeli', 1, 2, NULL, NULL, 19, -400.00, 0.00, 1, 0),
(618, '2012-04-12 01:45:27', '2011-05-18', 'Tesco', 1, 2, NULL, NULL, 18, -980.00, 0.00, 1, 0),
(619, '2012-04-12 01:45:27', '2011-05-19', 'Közösköltség', 1, 2, NULL, NULL, 30, -13000.00, 0.00, 1, 0),
(620, '2012-04-12 01:45:27', '2011-05-20', 'Pizza', 1, 2, NULL, NULL, 20, -1350.00, 0.00, 1, 0),
(621, '2012-04-12 01:45:27', '2011-05-21', 'Nivea deo', 1, 2, NULL, NULL, 41, -850.00, 0.00, 1, 0),
(622, '2012-04-12 01:45:27', '2011-05-21', 'Tesco', 1, 2, NULL, NULL, 18, -2670.00, 0.00, 1, 0),
(623, '2012-04-12 01:45:28', '2011-05-21', 'RV előfizetés', 1, 13, NULL, NULL, 59, -1970.00, 0.00, 1, 0),
(624, '2012-04-12 01:45:28', '2011-05-22', 'Pizza', 1, 2, NULL, NULL, 6, -1250.00, 0.00, 1, 0),
(625, '2012-04-12 01:45:28', '2011-05-24', 'McDonald''s', 1, 2, NULL, NULL, 6, -1060.00, 0.00, 1, 0),
(626, '2012-04-12 01:45:28', '2011-05-24', 'Vodafone', 1, 2, NULL, NULL, 23, -3000.00, 0.00, 1, 0),
(627, '2012-04-12 01:45:28', '2011-05-25', 'Ebéd - Don Pepe', 1, 2, NULL, NULL, 6, -850.00, 0.00, 1, 0),
(628, '2012-04-12 01:45:28', '2011-05-25', 'To Kézpénz', 3, 2, 629, 1, 61, -70000.00, 0.00, 1, 0),
(629, '2012-04-12 01:45:28', '2011-05-25', 'To Kézpénz', 3, 1, NULL, NULL, 61, 70000.00, 0.00, 1, 0),
(630, '2012-04-12 01:45:29', '2011-05-26', 'Illatosító, wc öblítő, kappucsínó', 1, 2, NULL, NULL, 25, -1800.00, 0.00, 1, 0),
(631, '2012-04-12 01:45:29', '2011-05-26', 'Ebéd - Don Pepe', 1, 2, NULL, NULL, 6, -835.00, 0.00, 1, 0),
(632, '2012-04-12 01:45:29', '2011-05-26', 'To wallet', 3, 1, 633, 2, 9, -20000.00, 0.00, 1, 0),
(633, '2012-04-12 01:45:29', '2011-05-26', 'To wallet', 3, 2, NULL, NULL, 9, 20000.00, 0.00, 1, 0),
(634, '2012-04-12 01:45:30', '2011-05-27', 'Villanyszámla', 1, 2, NULL, NULL, 36, -4925.00, 0.00, 1, 0),
(635, '2012-04-12 01:45:30', '2011-05-27', 'Chello', 1, 2, NULL, NULL, 39, -7810.00, 0.00, 1, 0),
(636, '2012-04-12 01:45:30', '2011-05-27', 'Hajvágás', 1, 2, NULL, NULL, 40, -2500.00, 0.00, 1, 0),
(637, '2012-04-12 01:45:30', '2011-05-27', 'Ruha', 1, 2, NULL, NULL, 7, -5970.00, 0.00, 1, 0),
(638, '2012-04-12 01:45:30', '2011-05-27', 'Hajvágás', 1, 2, NULL, NULL, 40, -2500.00, 0.00, 1, 0),
(639, '2012-04-12 01:45:30', '2011-05-27', 'Ebéd - Don Pepe', 1, 2, NULL, NULL, 6, -1110.00, 0.00, 1, 0),
(640, '2012-04-12 01:45:30', '2011-05-27', 'Vacsora - KFC', 1, 2, NULL, NULL, 20, -800.00, 0.00, 1, 0),
(641, '2012-04-12 01:45:31', '2011-05-28', 'To wallet', 3, 1, 642, 2, 9, -20000.00, 0.00, 1, 0),
(642, '2012-04-12 01:45:31', '2011-05-28', 'To wallet', 3, 2, NULL, NULL, 9, 20000.00, 0.00, 1, 0),
(643, '2012-04-12 01:45:31', '2011-05-28', 'Parfüm, tusfürdő', 1, 2, NULL, NULL, 41, -2400.00, 0.00, 1, 0),
(644, '2012-04-12 01:45:31', '2011-05-28', 'Izzó, törölköző, ágynemű, párna', 1, 2, NULL, NULL, 28, -5665.00, 0.00, 1, 0),
(645, '2012-04-12 01:45:31', '2011-05-28', 'Tesco', 1, 2, NULL, NULL, 18, -520.00, 0.00, 1, 0),
(646, '2012-04-12 01:45:32', '2011-05-28', 'Ebéd - Tesco', 1, 2, NULL, NULL, 6, -550.00, 0.00, 1, 0),
(647, '2012-04-12 01:45:32', '2011-05-29', 'Vacsora - Pizza', 1, 2, NULL, NULL, 20, -1300.00, 0.00, 1, 0),
(648, '2012-04-12 01:45:32', '2011-05-30', 'Ebéd - Don Pepe', 1, 2, NULL, NULL, 6, -1710.00, 0.00, 1, 0),
(649, '2012-04-12 01:45:32', '2011-05-31', 'Ebéd - Don Pepe', 1, 2, NULL, NULL, 6, -1060.00, 0.00, 1, 0),
(650, '2012-04-12 01:45:32', '2011-05-31', 'Johnny Walker', 1, 2, NULL, NULL, 38, -2800.00, 0.00, 1, 0),
(651, '2012-04-12 01:45:32', '2011-05-31', 'Orbit cukorka', 1, 2, NULL, NULL, 18, -195.00, 0.00, 1, 0),
(652, '2012-04-12 01:45:32', '2011-06-01', 'Reggeli - Pékség', 1, 2, NULL, NULL, 19, -200.00, 0.00, 1, 0),
(653, '2012-04-12 01:45:33', '2011-06-01', 'Ebéd - Don Pepe', 1, 2, NULL, NULL, 6, -790.00, 0.00, 1, 0),
(654, '2012-04-12 01:45:33', '2011-06-01', 'Vacsora - Kínai', 1, 2, NULL, NULL, 20, -1060.00, 0.00, 1, 0),
(655, '2012-04-12 01:45:33', '2011-06-02', 'Mozi - Karib ternger kalózai 4.', 1, 2, NULL, NULL, 51, -2690.00, 0.00, 1, 0),
(656, '2012-04-12 01:45:33', '2011-06-02', 'Reggeli - Pékség', 1, 2, NULL, NULL, 19, -200.00, 0.00, 1, 0),
(657, '2012-04-12 01:45:33', '2011-06-02', 'Ebéd - Don Pepe', 1, 2, NULL, NULL, 6, -540.00, 0.00, 1, 0),
(658, '2012-04-12 01:45:33', '2011-06-02', 'Vacsora - Burger King', 1, 2, NULL, NULL, 20, -350.00, 0.00, 1, 0),
(659, '2012-04-12 01:45:34', '2011-06-03', 'Reggeli - Pékség', 1, 2, NULL, NULL, 19, -390.00, 0.00, 1, 0),
(660, '2012-04-12 01:45:34', '2011-06-03', 'Laci Johnny ára', 2, 2, NULL, NULL, 38, 610.00, 0.00, 1, 0),
(661, '2012-04-12 01:45:34', '2011-06-03', 'Megtakarításba', 3, 1, 662, 6, 13, -30000.00, 0.00, 1, 0),
(662, '2012-04-12 01:45:34', '2011-06-03', 'Megtakarításba', 3, 6, NULL, NULL, 13, 30000.00, 0.00, 1, 0),
(663, '2012-04-12 01:45:34', '2011-06-03', 'Fizetés', 2, 1, NULL, NULL, 10, 283000.00, 0.00, 1, 0),
(664, '2012-04-12 01:45:34', '2011-06-03', 'To savings', 3, 1, 665, 6, 13, -110000.00, 0.00, 1, 0),
(665, '2012-04-12 01:45:34', '2011-06-03', 'To savings', 3, 6, NULL, NULL, 13, 110000.00, 0.00, 1, 0),
(666, '2012-04-12 01:45:35', '2011-06-03', 'Díjbeszedő', 1, 2, NULL, NULL, 42, -6780.00, 0.00, 1, 0),
(667, '2012-04-12 01:45:35', '2011-06-03', 'Internet', 1, 2, NULL, NULL, 39, -5000.00, 0.00, 1, 0),
(668, '2012-04-12 01:45:35', '2011-06-03', 'KFC + kóla', 1, 2, NULL, NULL, 20, -1510.00, 0.00, 1, 0),
(669, '2012-04-12 01:45:35', '2011-06-03', 'To wallet', 3, 1, 670, 2, 9, -23000.00, 0.00, 1, 0),
(670, '2012-04-12 01:45:35', '2011-06-03', 'To wallet', 3, 2, NULL, NULL, 9, 23000.00, 0.00, 1, 0),
(671, '2012-04-12 01:45:36', '2011-06-04', 'Ebéd - Pizza', 1, 2, NULL, NULL, 6, -1300.00, 0.00, 1, 0),
(672, '2012-04-12 01:45:36', '2011-06-04', 'Brigi, fagyizó', 1, 2, NULL, NULL, 60, -1360.00, 0.00, 1, 0),
(673, '2012-04-12 01:45:36', '2011-06-05', 'WC papír', 1, 2, NULL, NULL, 25, -400.00, 0.00, 1, 0),
(674, '2012-04-12 01:45:36', '2011-06-05', 'Spar', 1, 2, NULL, NULL, 18, -4780.00, 0.00, 1, 0),
(675, '2012-04-12 01:45:36', '2011-06-06', 'Lakbér', 1, 1, NULL, NULL, 27, -50000.00, 0.00, 1, 0),
(676, '2012-04-12 01:45:37', '2011-06-06', 'Ebéd - Don Pepe', 1, 2, NULL, NULL, 6, -1200.00, 0.00, 1, 0),
(677, '2012-04-12 01:45:37', '2011-06-06', 'Tesco', 1, 2, NULL, NULL, 18, -530.00, 0.00, 1, 0),
(678, '2012-04-12 01:45:37', '2011-06-06', 'To wallet', 3, 1, 679, 2, 9, -10000.00, 0.00, 1, 0),
(679, '2012-04-12 01:45:37', '2011-06-06', 'To wallet', 3, 2, NULL, NULL, 9, 10000.00, 0.00, 1, 0),
(680, '2012-04-12 01:45:37', '2011-06-07', 'Reggeli - Pékség', 1, 2, NULL, NULL, 19, -455.00, 0.00, 1, 0),
(681, '2012-04-12 01:45:37', '2011-06-07', 'Ebéd - Kínai', 1, 2, NULL, NULL, 6, -440.00, 0.00, 1, 0),
(682, '2012-04-12 01:45:38', '2011-06-08', 'George W. Bush - Decision Points', 1, 2, NULL, NULL, 58, -4100.00, 0.00, 1, 0),
(683, '2012-04-12 01:45:38', '2011-06-08', 'Reggeli - Pékség', 1, 2, NULL, NULL, 19, -200.00, 0.00, 1, 0),
(684, '2012-04-12 01:45:38', '2011-06-08', 'Kisbolt', 1, 2, NULL, NULL, 18, -765.00, 0.00, 1, 0),
(685, '2012-04-12 01:45:38', '2011-06-08', 'To wallet', 3, 1, 686, 2, 9, -20000.00, 0.00, 1, 0),
(686, '2012-04-12 01:45:38', '2011-06-08', 'To wallet', 3, 2, NULL, NULL, 9, 20000.00, 0.00, 1, 0),
(687, '2012-04-12 01:45:39', '2011-06-09', 'Közös költség', 1, 2, NULL, NULL, 30, -13500.00, 0.00, 1, 0),
(688, '2012-04-12 01:45:39', '2011-06-09', 'OE-NIK tárgyfelvétel', 1, 2, NULL, NULL, 37, -28000.00, 0.00, 1, 0),
(689, '2012-04-12 01:45:39', '2011-06-09', 'Reggeli - Pékség', 1, 2, NULL, NULL, 19, -220.00, 0.00, 1, 0),
(690, '2012-04-12 01:45:39', '2011-06-09', 'Ebéd - KFC', 1, 2, NULL, NULL, 6, -1220.00, 0.00, 1, 0),
(691, '2012-04-12 01:45:39', '2011-06-09', 'Vodafone', 1, 2, NULL, NULL, 23, -2000.00, 0.00, 1, 0),
(692, '2012-04-12 01:45:40', '2011-06-09', 'Tesco', 1, 2, NULL, NULL, 18, -1160.00, 0.00, 1, 0),
(693, '2012-04-12 01:45:40', '2011-06-09', 'Balance', 1, 2, NULL, NULL, 35, -12610.00, 0.00, 1, 0),
(694, '2012-04-12 01:45:40', '2011-06-10', 'Ebéd - Don Pepe', 1, 2, NULL, NULL, 6, -1200.00, 0.00, 1, 0),
(695, '2012-04-12 01:45:40', '2011-06-10', 'Tesco', 1, 2, NULL, NULL, 18, -1035.00, 0.00, 1, 0),
(696, '2012-04-12 01:45:40', '2011-06-10', 'Kisbolt', 1, 2, NULL, NULL, 18, -895.00, 0.00, 1, 0),
(697, '2012-04-12 01:45:40', '2011-06-11', 'Vacsora - Pizza', 1, 2, NULL, NULL, 20, -1280.00, 0.00, 1, 0),
(698, '2012-04-12 01:45:41', '2011-06-11', 'Kisbolt', 1, 2, NULL, NULL, 18, -1065.00, 0.00, 1, 0),
(699, '2012-04-12 01:45:41', '2011-06-12', 'Vacsora - Pizza', 1, 2, NULL, NULL, 20, -1500.00, 0.00, 1, 0),
(700, '2012-04-12 01:45:41', '2011-06-13', 'To wallet', 3, 1, 701, 2, 9, -40000.00, 0.00, 1, 0),
(701, '2012-04-12 01:45:41', '2011-06-13', 'To wallet', 3, 2, NULL, NULL, 9, 40000.00, 0.00, 1, 0),
(702, '2012-04-12 01:45:41', '2011-06-14', 'Reggeli - Pékség', 1, 2, NULL, NULL, 19, -395.00, 0.00, 1, 0),
(703, '2012-04-12 01:45:42', '2011-06-14', 'Ebéd - Kfc', 1, 2, NULL, NULL, 6, -820.00, 0.00, 1, 0),
(704, '2012-04-12 01:45:42', '2011-06-15', 'Reggeli - Pékség', 1, 2, NULL, NULL, 19, -405.00, 0.00, 1, 0),
(705, '2012-04-12 01:45:42', '2011-06-15', 'Ebéd - Kfc', 1, 2, NULL, NULL, 6, -1420.00, 0.00, 1, 0),
(706, '2012-04-12 01:45:42', '2011-06-16', 'Reggeli - Pékség', 1, 2, NULL, NULL, 19, -200.00, 0.00, 1, 0),
(707, '2012-04-12 01:45:42', '2011-06-16', 'Ebéd - Tesco', 1, 2, NULL, NULL, 6, -315.00, 0.00, 1, 0),
(708, '2012-04-12 01:45:43', '2011-06-16', 'Tesco - Mézdinnye', 1, 2, NULL, NULL, 18, -505.00, 0.00, 1, 0),
(709, '2012-04-12 01:45:43', '2011-06-16', 'Fogkefe', 1, 2, NULL, NULL, 41, -780.00, 0.00, 1, 0),
(710, '2012-04-12 01:45:43', '2011-06-17', 'Reggeli - Pékség', 1, 2, NULL, NULL, 19, -200.00, 0.00, 1, 0),
(711, '2012-04-12 01:45:44', '2011-06-17', 'Ebéd - Tesco', 1, 2, NULL, NULL, 6, -700.00, 0.00, 1, 0),
(712, '2012-04-12 01:45:44', '2011-06-17', 'JóReggelt + Tej', 1, 2, NULL, NULL, 18, -740.00, 0.00, 1, 0),
(713, '2012-04-12 01:45:44', '2011-06-17', 'Sol sör', 1, 2, NULL, NULL, 59, -900.00, 0.00, 1, 0),
(714, '2012-04-12 01:45:45', '2011-06-17', '2 boxer, 4 zokni', 1, 2, NULL, NULL, 7, -2000.00, 0.00, 1, 0),
(715, '2012-04-12 01:45:45', '2011-06-18', 'Hazaút MÁV', 1, 2, NULL, NULL, 21, -1230.00, 0.00, 1, 0),
(716, '2012-04-12 01:45:45', '2011-06-18', 'Buszjegy - Szolnok', 1, 2, NULL, NULL, 21, -660.00, 0.00, 1, 0),
(717, '2012-04-12 01:45:46', '2011-06-19', 'Vacsora - Pizza', 1, 2, NULL, NULL, 20, -1400.00, 0.00, 1, 0),
(718, '2012-04-12 01:45:46', '2011-06-19', 'Visszaút MÁV', 1, 2, NULL, NULL, 21, -1110.00, 0.00, 1, 0),
(719, '2012-04-12 01:45:47', '2011-06-20', 'To wallet', 3, 1, 720, 2, 9, -20000.00, 0.00, 1, 0),
(720, '2012-04-12 01:45:47', '2011-06-20', 'To wallet', 3, 2, NULL, NULL, 9, 20000.00, 0.00, 1, 0),
(721, '2012-04-12 01:45:48', '2011-06-20', 'Whiskey kóla', 1, 2, NULL, NULL, 38, -960.00, 0.00, 1, 0),
(722, '2012-04-12 01:45:48', '2011-06-20', '4 buszjegy', 1, 2, NULL, NULL, 21, -1280.00, 0.00, 1, 0),
(723, '2012-04-12 01:45:49', '2011-06-20', 'ZP belépő', 1, 2, NULL, NULL, 38, -400.00, 0.00, 1, 0),
(724, '2012-04-12 01:45:49', '2011-06-20', 'Reggeli - Pékség', 1, 2, NULL, NULL, 19, -350.00, 0.00, 1, 0),
(725, '2012-04-12 01:45:50', '2011-06-21', 'Ebéd - Tesco', 1, 2, NULL, NULL, 6, -380.00, 0.00, 1, 0),
(726, '2012-04-12 01:45:51', '2011-06-21', 'Bomba', 1, 2, NULL, NULL, 18, -250.00, 0.00, 1, 0),
(727, '2012-04-12 01:45:51', '2011-06-21', 'Ebéd - Tesco', 1, 2, NULL, NULL, 6, -45.00, 0.00, 1, 0),
(728, '2012-04-12 01:45:52', '2011-06-21', 'Reggeli - Pékség', 1, 2, NULL, NULL, 19, -200.00, 0.00, 1, 0),
(729, '2012-04-12 01:45:52', '2011-06-22', 'Game of Thrones', 1, 2, NULL, NULL, 58, -1860.00, 0.00, 1, 0),
(730, '2012-04-12 01:45:53', '2011-06-22', 'Vacsora - Kisbolt', 1, 2, NULL, NULL, 20, -460.00, 0.00, 1, 0),
(731, '2012-04-12 01:45:53', '2011-06-22', 'Tusfürdő', 1, 2, NULL, NULL, 41, -480.00, 0.00, 1, 0),
(732, '2012-04-12 01:45:54', '2011-06-22', 'Ebéd - Tesco', 1, 2, NULL, NULL, 6, -520.00, 0.00, 1, 0),
(733, '2012-04-12 01:45:54', '2011-06-22', 'Reggeli - Pékség', 1, 2, NULL, NULL, 19, -200.00, 0.00, 1, 0),
(734, '2012-04-12 01:45:54', '2011-06-23', 'Reggeli - Pékség', 1, 2, NULL, NULL, 19, -380.00, 0.00, 1, 0),
(735, '2012-04-12 01:45:55', '2011-06-23', 'Ebéd - Tesco', 1, 2, NULL, NULL, 6, -405.00, 0.00, 1, 0),
(736, '2012-04-12 01:45:55', '2011-06-23', 'Barack', 1, 2, NULL, NULL, 18, -155.00, 0.00, 1, 0),
(737, '2012-04-12 01:45:55', '2011-06-23', 'Vacsora - Pizza', 1, 2, NULL, NULL, 20, -995.00, 0.00, 1, 0),
(738, '2012-04-12 01:45:55', '2011-06-24', 'Reggeli - Pékség', 1, 2, NULL, NULL, 19, -200.00, 0.00, 1, 0),
(739, '2012-04-12 01:45:56', '2011-06-24', 'Ebéd - Tesco', 1, 2, NULL, NULL, 6, -265.00, 0.00, 1, 0),
(740, '2012-04-12 01:45:56', '2011-06-24', 'Tesco', 1, 2, NULL, NULL, 18, -1370.00, 0.00, 1, 0),
(741, '2012-04-12 01:45:57', '2011-06-25', 'Spar', 1, 2, NULL, NULL, 18, -3840.00, 0.00, 1, 0),
(742, '2012-04-12 01:45:57', '2011-06-27', 'Villanyszámla', 1, 2, NULL, NULL, 36, -2590.00, 0.00, 1, 0),
(743, '2012-04-12 01:45:57', '2011-06-27', 'Ebéd - Gyros', 1, 2, NULL, NULL, 6, -1200.00, 0.00, 1, 0),
(744, '2012-04-12 01:45:57', '2011-06-27', 'Vacsora - Kínai', 1, 2, NULL, NULL, 20, -480.00, 0.00, 1, 0),
(745, '2012-04-12 01:45:57', '2011-06-27', 'To wallet', 3, 1, 746, 2, 9, -10000.00, 0.00, 1, 0),
(746, '2012-04-12 01:45:57', '2011-06-27', 'To wallet', 3, 2, NULL, NULL, 9, 10000.00, 0.00, 1, 0),
(747, '2012-04-12 01:45:58', '2011-06-28', 'Ebéd - McDonalds', 1, 2, NULL, NULL, 6, -1410.00, 0.00, 1, 0),
(748, '2012-04-12 01:45:58', '2011-06-28', 'Vacsora - Kisbolt', 1, 2, NULL, NULL, 20, -240.00, 0.00, 1, 0),
(749, '2012-04-12 01:45:58', '2011-06-28', 'Ebéd - McDonalds', 1, 2, NULL, NULL, 6, -1410.00, 0.00, 1, 0),
(750, '2012-04-12 01:45:58', '2011-06-29', 'Reggeli - Kisbolt', 1, 2, NULL, NULL, 19, -275.00, 0.00, 1, 0),
(751, '2012-04-12 01:45:59', '2011-06-29', 'Rehumon gél', 1, 2, NULL, NULL, 22, -1040.00, 0.00, 1, 0),
(752, '2012-04-12 01:45:59', '2011-06-30', 'Ebéd - Tesco', 1, 2, NULL, NULL, 6, -325.00, 0.00, 1, 0),
(753, '2012-04-12 01:45:59', '2011-06-30', 'Ebéd - Pizza Forte', 1, 2, NULL, NULL, 6, -995.00, 0.00, 1, 0),
(754, '2012-04-12 01:45:59', '2011-06-30', 'Reggeli - Pékség', 1, 2, NULL, NULL, 19, -264.00, 0.00, 1, 0),
(755, '2012-04-12 01:45:59', '2011-06-30', 'Tesco', 1, 2, NULL, NULL, 18, -1055.00, 0.00, 1, 0),
(756, '2012-04-12 01:45:59', '2011-07-01', 'Canesten', 1, 2, NULL, NULL, 22, -985.00, 0.00, 1, 0),
(757, '2012-04-12 01:46:00', '2011-07-01', 'Reggeli - Pékség', 1, 2, NULL, NULL, 19, -380.00, 0.00, 1, 0),
(758, '2012-04-12 01:46:00', '2011-07-01', 'Ebéd - Tesco', 1, 2, NULL, NULL, 6, -430.00, 0.00, 1, 0),
(759, '2012-04-12 01:46:00', '2011-07-01', 'From savings', 3, 6, 760, 2, 34, -20000.00, 0.00, 1, 0),
(760, '2012-04-12 01:46:00', '2011-07-01', 'From savings', 3, 2, NULL, NULL, 34, 20000.00, 0.00, 1, 0),
(761, '2012-04-12 01:46:00', '2011-07-02', 'Ebéd - Pizza Forte', 1, 2, NULL, NULL, 6, -1300.00, 0.00, 1, 0),
(762, '2012-04-12 01:46:01', '2011-07-03', 'Kisbolt', 1, 2, NULL, NULL, 18, -1400.00, 0.00, 1, 0),
(763, '2012-04-12 01:46:01', '2011-07-04', 'WC ülőke', 1, 2, NULL, NULL, 28, -2990.00, 0.00, 1, 0),
(764, '2012-04-12 01:46:01', '2011-07-04', 'Buszjegy', 1, 2, NULL, NULL, 21, -960.00, 0.00, 1, 0),
(765, '2012-04-12 01:46:01', '2011-07-04', 'Reggeli - Látványpékség', 1, 2, NULL, NULL, 19, -440.00, 0.00, 1, 0),
(766, '2012-04-12 01:46:02', '2011-07-04', 'Reggeli - Pékség', 1, 2, NULL, NULL, 19, -200.00, 0.00, 1, 0),
(767, '2012-04-12 01:46:02', '2011-07-05', 'Ebéd - Tesco', 1, 2, NULL, NULL, 6, -425.00, 0.00, 1, 0),
(768, '2012-04-12 01:46:02', '2011-07-05', 'Reggeli - Pékség', 1, 2, NULL, NULL, 19, -395.00, 0.00, 1, 0),
(769, '2012-04-12 01:46:03', '2011-07-05', 'Ebéd - Kisbolt', 1, 2, NULL, NULL, 6, -770.00, 0.00, 1, 0),
(770, '2012-04-12 01:46:03', '2011-07-05', 'Vacsora - Pizza', 1, 2, NULL, NULL, 20, -1400.00, 0.00, 1, 0),
(771, '2012-04-12 01:46:03', '2011-07-06', 'Ebéd - Kínai', 1, 2, NULL, NULL, 6, -1060.00, 0.00, 1, 0),
(772, '2012-04-12 01:46:03', '2011-07-06', 'Vacsora - Pizza', 1, 2, NULL, NULL, 20, -1500.00, 0.00, 1, 0),
(773, '2012-04-12 01:46:04', '2011-07-07', 'Tesco', 1, 2, NULL, NULL, 18, -905.00, 0.00, 1, 0),
(774, '2012-04-12 01:46:04', '2011-07-07', 'Ebéd - Tesco', 1, 2, NULL, NULL, 6, -580.00, 0.00, 1, 0),
(775, '2012-04-12 01:46:04', '2011-07-07', 'Zoli - Energiaital', 1, 2, NULL, NULL, 18, -140.00, 0.00, 1, 0),
(776, '2012-04-12 01:46:04', '2011-07-07', 'Sallary', 2, 1, NULL, NULL, 10, 263000.00, 0.00, 1, 0),
(777, '2012-04-12 01:46:05', '2011-07-07', 'To wallet', 3, 1, 778, 2, 9, -10000.00, 0.00, 1, 0),
(778, '2012-04-12 01:46:05', '2011-07-07', 'To wallet', 3, 2, NULL, NULL, 9, 10000.00, 0.00, 1, 0),
(779, '2012-04-12 01:46:05', '2011-07-07', 'To savings', 3, 1, 780, 6, 13, -100000.00, 0.00, 1, 0),
(780, '2012-04-12 01:46:05', '2011-07-07', 'To savings', 3, 6, NULL, NULL, 13, 100000.00, 0.00, 1, 0),
(781, '2012-04-12 01:46:06', '2011-07-07', 'To savings', 3, 1, 782, 6, 13, -60000.00, 0.00, 1, 0),
(782, '2012-04-12 01:46:06', '2011-07-07', 'To savings', 3, 6, NULL, NULL, 13, 60000.00, 0.00, 1, 0),
(783, '2012-04-12 01:46:06', '2011-07-07', 'To Cash', 3, 2, 784, 1, 56, -2000.00, 0.00, 1, 0),
(784, '2012-04-12 01:46:06', '2011-07-07', 'To Cash', 3, 1, NULL, NULL, 56, 2000.00, 0.00, 1, 0),
(785, '2012-04-12 01:46:07', '2011-07-08', 'Lakbér', 1, 1, NULL, NULL, 27, -50000.00, 0.00, 1, 0),
(786, '2012-04-12 01:46:07', '2011-07-08', 'Ebéd - Tesco', 1, 2, NULL, NULL, 6, -455.00, 0.00, 1, 0),
(787, '2012-04-12 01:46:07', '2011-07-08', 'Reggeli - Pékség', 1, 2, NULL, NULL, 19, -200.00, 0.00, 1, 0),
(788, '2012-04-12 01:46:07', '2011-07-08', 'Tesco', 1, 2, NULL, NULL, 18, -505.00, 0.00, 1, 0),
(789, '2012-04-12 01:46:07', '2011-07-08', 'Tej+mosogatószer', 1, 2, NULL, NULL, 26, -325.00, 0.00, 1, 0),
(790, '2012-04-12 01:46:08', '2011-07-08', 'blít', 1, 2, NULL, NULL, 25, -680.00, 0.00, 1, 0),
(791, '2012-04-12 01:46:08', '2011-07-08', 'Borotvazselé', 1, 2, NULL, NULL, 41, -565.00, 0.00, 1, 0),
(792, '2012-04-12 01:46:08', '2011-07-09', 'Spar', 1, 2, NULL, NULL, 18, -4230.00, 0.00, 1, 0),
(793, '2012-04-12 01:46:08', '2011-07-11', 'Közös költség', 1, 2, NULL, NULL, 30, -2000.00, 0.00, 1, 0),
(794, '2012-04-12 01:46:08', '2011-07-11', 'Internet', 1, 2, NULL, NULL, 39, -5066.00, 0.00, 1, 0),
(795, '2012-04-12 01:46:08', '2011-07-11', 'Reggeli - Kisbolt', 1, 2, NULL, NULL, 19, -275.00, 0.00, 1, 0),
(796, '2012-04-12 01:46:09', '2011-07-11', 'Kisbolt', 1, 2, NULL, NULL, 18, -2535.00, 0.00, 1, 0),
(797, '2012-04-12 01:46:09', '2011-07-11', 'Kisbolt', 1, 2, NULL, NULL, 18, -305.00, 0.00, 1, 0),
(798, '2012-04-12 01:46:09', '2011-07-11', 'Reggeli - Kisbolt', 1, 2, NULL, NULL, 19, -400.00, 0.00, 1, 0),
(799, '2012-04-12 01:46:09', '2011-07-11', 'Gyógyszer', 1, 2, NULL, NULL, 22, -2100.00, 0.00, 1, 0),
(800, '2012-04-12 01:46:09', '2011-07-11', 'Ebéd - Tesco', 1, 2, NULL, NULL, 6, -600.00, 0.00, 1, 0),
(801, '2012-04-12 01:46:09', '2011-07-11', 'To wallet', 3, 1, 802, 2, 9, -45000.00, 0.00, 1, 0),
(802, '2012-04-12 01:46:09', '2011-07-11', 'To wallet', 3, 2, NULL, NULL, 9, 45000.00, 0.00, 1, 0),
(803, '2012-04-12 01:46:10', '2011-07-12', 'Ebéd - Tesco', 1, 2, NULL, NULL, 6, -270.00, 0.00, 1, 0),
(804, '2012-04-12 01:46:10', '2011-07-13', 'Rossmann', 1, 2, NULL, NULL, 41, -5815.00, 0.00, 1, 0),
(805, '2012-04-12 01:46:10', '2011-07-14', 'Efott - Vonatjegy', 1, 2, NULL, NULL, 21, -2190.00, 0.00, 1, 0),
(806, '2012-04-12 01:46:10', '2011-07-14', 'Efott - Kaja', 1, 2, NULL, NULL, 18, -300.00, 0.00, 1, 0),
(807, '2012-04-12 01:46:11', '2011-07-14', 'dítő', 1, 2, NULL, NULL, 18, -350.00, 0.00, 1, 0),
(808, '2012-04-12 01:46:11', '2011-07-14', 'Efott - Belépő', 1, 2, NULL, NULL, 57, -5990.00, 0.00, 1, 0),
(809, '2012-04-12 01:46:11', '2011-07-14', 'Reggeli - Kisbolt', 1, 2, NULL, NULL, 19, -275.00, 0.00, 1, 0),
(810, '2012-04-12 01:46:11', '2011-07-14', '2 buszjegy', 1, 2, NULL, NULL, 21, -440.00, 0.00, 1, 0),
(811, '2012-04-12 01:46:11', '2011-07-15', 'Grillezés', 1, 2, NULL, NULL, 38, -2250.00, 0.00, 1, 0),
(812, '2012-04-12 01:46:12', '2011-07-15', 'Efott - Kaja', 1, 2, NULL, NULL, 20, -200.00, 0.00, 1, 0),
(813, '2012-04-12 01:46:12', '2011-07-15', 'Efott - Kaja', 1, 2, NULL, NULL, 57, -300.00, 0.00, 1, 0),
(814, '2012-04-12 01:46:12', '2011-07-15', 'Bolt', 1, 2, NULL, NULL, 18, -655.00, 0.00, 1, 0),
(815, '2012-04-12 01:46:12', '2011-07-15', 'Efott - Vonat', 1, 2, NULL, NULL, 21, -2370.00, 0.00, 1, 0),
(816, '2012-04-12 01:46:12', '2011-07-17', 'Vacsora - Pizza', 1, 2, NULL, NULL, 20, -1350.00, 0.00, 1, 0),
(817, '2012-04-12 01:46:13', '2011-07-18', 'Vacsora - Pizza', 1, 2, NULL, NULL, 20, -1350.00, 0.00, 1, 0),
(818, '2012-04-12 01:46:13', '2011-07-18', 'Ebéd - Tesco', 1, 2, NULL, NULL, 6, -325.00, 0.00, 1, 0),
(819, '2012-04-12 01:46:13', '2011-07-19', 'Ebéd - Tesco', 1, 2, NULL, NULL, 6, -140.00, 0.00, 1, 0),
(820, '2012-04-12 01:46:13', '2011-07-19', 'Ebéd - Tesco', 1, 2, NULL, NULL, 6, -325.00, 0.00, 1, 0),
(821, '2012-04-12 01:46:13', '2011-07-21', 'Vacsora - Pizza', 1, 2, NULL, NULL, 20, -1900.00, 0.00, 1, 0),
(822, '2012-04-12 01:46:13', '2011-07-22', 'Reggeli - Kisbolt', 1, 2, NULL, NULL, 19, -265.00, 0.00, 1, 0),
(823, '2012-04-12 01:46:14', '2011-07-25', 'Vacsora - Pizza', 1, 2, NULL, NULL, 20, -1400.00, 0.00, 1, 0),
(824, '2012-04-12 01:46:14', '2011-07-25', 'Reggeli - Pékség', 1, 2, NULL, NULL, 19, -185.00, 0.00, 1, 0),
(825, '2012-04-12 01:46:14', '2011-07-25', 'Ebéd - Tesco', 1, 2, NULL, NULL, 6, -385.00, 0.00, 1, 0),
(826, '2012-04-12 01:46:14', '2011-07-25', 'From savings', 3, 6, 827, 2, 34, -20000.00, 0.00, 1, 0),
(827, '2012-04-12 01:46:14', '2011-07-25', 'From savings', 3, 2, NULL, NULL, 34, 20000.00, 0.00, 1, 0),
(828, '2012-04-12 01:46:15', '2011-07-26', 'Ebéd - Tesco', 1, 2, NULL, NULL, 6, -860.00, 0.00, 1, 0),
(829, '2012-04-12 01:46:15', '2011-07-26', 'Reggeli - Kisbolt', 1, 2, NULL, NULL, 19, -265.00, 0.00, 1, 0),
(830, '2012-04-12 01:46:15', '2011-07-27', 'Ebéd - McDonalds', 1, 2, NULL, NULL, 6, -1190.00, 0.00, 1, 0),
(831, '2012-04-12 01:46:15', '2011-07-28', 'Tesco', 1, 2, NULL, NULL, 18, -730.00, 0.00, 1, 0),
(832, '2012-04-12 01:46:15', '2011-07-28', 'Vacsora - Pizza', 1, 2, NULL, NULL, 20, -1400.00, 0.00, 1, 0),
(833, '2012-04-12 01:46:16', '2011-07-28', 'Tesco kaja', 1, 2, NULL, NULL, 20, -50.00, 0.00, 1, 0),
(834, '2012-04-12 01:46:16', '2011-07-28', 'Tesco - Ebéd', 1, 2, NULL, NULL, 6, -450.00, 0.00, 1, 0),
(835, '2012-04-12 01:46:16', '2011-07-29', 'Vacsora - Pizza', 1, 2, NULL, NULL, 20, -1400.00, 0.00, 1, 0),
(836, '2012-04-12 01:46:16', '2011-07-29', 'Reggeli - Kisbolt', 1, 2, NULL, NULL, 19, -230.00, 0.00, 1, 0),
(837, '2012-04-12 01:46:16', '2011-07-29', 'Ebéd - Tesco', 1, 2, NULL, NULL, 6, -450.00, 0.00, 1, 0),
(838, '2012-04-12 01:46:16', '2011-07-30', 'To kézpénz', 3, 2, 839, 1, 56, -16795.00, 0.00, 1, 0),
(839, '2012-04-12 01:46:16', '2011-07-30', 'To kézpénz', 3, 1, NULL, NULL, 56, 16795.00, 0.00, 1, 0),
(840, '2012-04-12 01:46:17', '2011-07-30', 'To wallet', 3, 1, 841, 2, 9, -16795.00, 0.00, 1, 0),
(841, '2012-04-12 01:46:17', '2011-07-30', 'To wallet', 3, 2, NULL, NULL, 9, 16795.00, 0.00, 1, 0),
(842, '2012-04-12 01:46:18', '2011-07-30', 'From savings', 3, 6, 843, 2, 34, -20000.00, 0.00, 1, 0),
(843, '2012-04-12 01:46:18', '2011-07-30', 'From savings', 3, 2, NULL, NULL, 34, 20000.00, 0.00, 1, 0),
(844, '2012-04-12 01:46:18', '2011-07-30', 'Ebéd - KFC', 1, 2, NULL, NULL, 6, -800.00, 0.00, 1, 0),
(845, '2012-04-12 01:46:18', '2011-07-31', 'Tesco', 1, 2, NULL, NULL, 18, -2810.00, 0.00, 1, 0),
(846, '2012-04-12 01:46:19', '2011-08-01', 'Fürdőnadrág', 1, 2, NULL, NULL, 7, -4990.00, 0.00, 1, 0),
(847, '2012-04-12 01:46:19', '2011-08-01', 'Pólók', 1, 2, NULL, NULL, 7, -4490.00, 0.00, 1, 0),
(848, '2012-04-12 01:46:19', '2011-08-01', 'Fürdőgatya', 1, 2, NULL, NULL, 7, -1200.00, 0.00, 1, 0),
(849, '2012-04-12 01:46:19', '2011-08-01', 'Monitorkábel', 1, 2, NULL, NULL, 31, -1890.00, 0.00, 1, 0),
(850, '2012-04-12 01:46:19', '2011-08-01', 'Wc papír, mosogatószivacs', 1, 2, NULL, NULL, 25, -1170.00, 0.00, 1, 0),
(851, '2012-04-12 01:46:19', '2011-08-01', 'To savings', 3, 2, 852, 6, 13, -10000.00, 0.00, 1, 0),
(852, '2012-04-12 01:46:19', '2011-08-01', 'To savings', 3, 6, NULL, NULL, 13, 10000.00, 0.00, 1, 0),
(853, '2012-04-12 01:46:20', '2011-08-01', 'Tesco', 1, 2, NULL, NULL, 18, -1550.00, 0.00, 1, 0),
(854, '2012-04-12 01:46:20', '2011-08-01', 'Tusfürdő', 1, 2, NULL, NULL, 41, -660.00, 0.00, 1, 0),
(855, '2012-04-12 01:46:20', '2011-08-01', 'Reggeli - Kisbolt', 1, 2, NULL, NULL, 19, -235.00, 0.00, 1, 0),
(856, '2012-04-12 01:46:21', '2011-08-02', 'Ebéd - Kisbolt', 1, 2, NULL, NULL, 19, -325.00, 0.00, 1, 0),
(857, '2012-04-12 01:46:21', '2011-08-02', 'Reggeli - Kisbolt', 1, 2, NULL, NULL, 19, -220.00, 0.00, 1, 0),
(858, '2012-04-12 01:46:21', '2011-08-02', 'Lakbér', 1, 1, NULL, NULL, 27, -50000.00, 0.00, 1, 0),
(859, '2012-04-12 01:46:22', '2011-08-02', 'From savings', 3, 6, 860, 2, 34, -20000.00, 0.00, 1, 0),
(860, '2012-04-12 01:46:22', '2011-08-02', 'From savings', 3, 2, NULL, NULL, 34, 20000.00, 0.00, 1, 0),
(861, '2012-04-12 01:46:22', '2011-08-03', 'Reggeli - Kisbolt', 1, 2, NULL, NULL, 19, -330.00, 0.00, 1, 0),
(862, '2012-04-12 01:46:22', '2011-08-03', 'Sporttáska', 1, 2, NULL, NULL, 28, -4000.00, 0.00, 1, 0),
(863, '2012-04-12 01:46:22', '2011-08-03', 'Fánkok', 1, 2, NULL, NULL, 18, -435.00, 0.00, 1, 0),
(864, '2012-04-12 01:46:23', '2011-08-04', 'Reggeli - Kisbolt', 1, 2, NULL, NULL, 19, -680.00, 0.00, 1, 0),
(865, '2012-04-12 01:46:23', '2011-08-04', 'Pizza, Zoli', 1, 2, NULL, NULL, 6, -240.00, 0.00, 1, 0),
(866, '2012-04-12 01:46:23', '2011-08-05', 'Reggeli - Kisbolt', 1, 2, NULL, NULL, 19, -495.00, 0.00, 1, 0),
(867, '2012-04-12 01:46:23', '2011-08-05', 'Fizetés', 2, 1, NULL, NULL, 10, 195000.00, 0.00, 1, 0),
(868, '2012-04-12 01:46:23', '2011-08-05', 'To wallet', 3, 1, 869, 2, 9, -5000.00, 0.00, 1, 0),
(869, '2012-04-12 01:46:23', '2011-08-05', 'To wallet', 3, 2, NULL, NULL, 9, 5000.00, 0.00, 1, 0),
(870, '2012-04-12 01:46:24', '2011-08-05', 'To savings', 3, 1, 871, 6, 13, -100000.00, 0.00, 1, 0),
(871, '2012-04-12 01:46:24', '2011-08-05', 'To savings', 3, 6, NULL, NULL, 13, 100000.00, 0.00, 1, 0),
(872, '2012-04-12 01:46:24', '2011-08-05', 'Vonatjegy', 1, 2, NULL, NULL, 21, -1650.00, 0.00, 1, 0),
(873, '2012-04-12 01:46:25', '2011-08-05', 'Ebéd - Tesco', 1, 2, NULL, NULL, 6, -310.00, 0.00, 1, 0),
(874, '2012-04-12 01:46:25', '2011-08-05', 'Hell energia ital', 1, 2, NULL, NULL, 18, -180.00, 0.00, 1, 0),
(875, '2012-04-12 01:46:25', '2011-08-05', 'Fülhallgató', 1, 2, NULL, NULL, 28, -2190.00, 0.00, 1, 0),
(876, '2012-04-12 01:46:25', '2011-08-06', 'Napszemüveg', 1, 2, NULL, NULL, 7, -2590.00, 0.00, 1, 0),
(877, '2012-04-12 01:46:25', '2011-08-06', 'dám napszemüveg', 1, 2, NULL, NULL, 50, -1000.00, 0.00, 1, 0),
(878, '2012-04-12 01:46:26', '2011-08-07', 'Lángos', 1, 2, NULL, NULL, 6, -1590.00, 0.00, 1, 0),
(879, '2012-04-12 01:46:26', '2011-08-08', 'Vonatjegy', 1, 2, NULL, NULL, 21, -1830.00, 0.00, 1, 0),
(880, '2012-04-12 01:46:26', '2011-08-08', 'Vacsora - Kisbolt', 1, 2, NULL, NULL, 20, -995.00, 0.00, 1, 0),
(881, '2012-04-12 01:46:26', '2011-08-08', 'Nestea', 1, 2, NULL, NULL, 18, -220.00, 0.00, 1, 0),
(882, '2012-04-12 01:46:27', '2011-08-09', 'Reggeli - Kisbolt', 1, 2, NULL, NULL, 19, -220.00, 0.00, 1, 0),
(883, '2012-04-12 01:46:27', '2011-08-09', 'Ebéd - Tesco', 1, 2, NULL, NULL, 6, -360.00, 0.00, 1, 0),
(884, '2012-04-12 01:46:27', '2011-08-09', 'Vacsora - Pizza', 1, 2, NULL, NULL, 20, -1350.00, 0.00, 1, 0),
(885, '2012-04-12 01:46:27', '2011-08-09', 'Kötszer, kenőcs', 1, 2, NULL, NULL, 22, -1560.00, 0.00, 1, 0),
(886, '2012-04-12 01:46:27', '2011-08-09', 'dám karkötő', 1, 2, NULL, NULL, 50, -3050.00, 0.00, 1, 0),
(887, '2012-04-12 01:46:28', '2011-08-10', 'Köröm műtét', 1, 1, NULL, NULL, 53, -38000.00, 0.00, 1, 0),
(888, '2012-04-12 01:46:28', '2011-08-10', 'Buszjegy tömb', 1, 2, NULL, NULL, 21, -2800.00, 0.00, 1, 0),
(889, '2012-04-12 01:46:28', '2011-08-10', 'BKV fuck', 1, 2, NULL, NULL, 55, -7200.00, 0.00, 1, 0),
(890, '2012-04-12 01:46:28', '2011-08-10', 'Taxi', 1, 2, NULL, NULL, 46, -3800.00, 0.00, 1, 0),
(891, '2012-04-12 01:46:29', '2011-08-10', 'From savings', 3, 6, 892, 2, 34, -40000.00, 0.00, 1, 0),
(892, '2012-04-12 01:46:29', '2011-08-10', 'From savings', 3, 2, NULL, NULL, 34, 40000.00, 0.00, 1, 0),
(893, '2012-04-12 01:46:29', '2011-08-10', 'To wallet', 3, 1, 894, 2, 9, -2000.00, 0.00, 1, 0),
(894, '2012-04-12 01:46:29', '2011-08-10', 'To wallet', 3, 2, NULL, NULL, 9, 2000.00, 0.00, 1, 0),
(895, '2012-04-12 01:46:30', '2011-08-10', 'Balance', 1, 2, NULL, NULL, 35, -5450.00, 0.00, 1, 0),
(896, '2012-04-12 01:46:30', '2011-08-11', 'Ebéd - McDonalds', 1, 2, NULL, NULL, 6, -700.00, 0.00, 1, 0),
(897, '2012-04-12 01:46:30', '2011-08-11', 'Kötszer', 1, 2, NULL, NULL, 22, -355.00, 0.00, 1, 0),
(898, '2012-04-12 01:46:30', '2011-08-11', 'Reggeli - KFC, McDonalds', 1, 2, NULL, NULL, 19, -900.00, 0.00, 1, 0),
(899, '2012-04-12 01:46:31', '2011-08-12', 'Vacsora - Pizza', 1, 2, NULL, NULL, 20, -1350.00, 0.00, 1, 0),
(900, '2012-04-12 01:46:31', '2011-08-12', 'Reggeli - McDonalds', 1, 2, NULL, NULL, 19, -1050.00, 0.00, 1, 0),
(901, '2012-04-12 01:46:31', '2011-08-13', 'Vacsora - Pizza', 1, 2, NULL, NULL, 20, -1490.00, 0.00, 1, 0),
(902, '2012-04-12 01:46:31', '2011-08-15', 'Kötszer', 1, 2, NULL, NULL, 22, -325.00, 0.00, 1, 0),
(903, '2012-04-12 01:46:31', '2011-08-15', 'Reggeli - McDonalds', 1, 2, NULL, NULL, 19, -700.00, 0.00, 1, 0),
(904, '2012-04-12 01:46:32', '2011-08-15', 'Vacsora - Pizza', 1, 2, NULL, NULL, 20, -1400.00, 0.00, 1, 0),
(905, '2012-04-12 01:46:32', '2011-08-16', 'Vacsora - Pizza', 1, 2, NULL, NULL, 20, -1300.00, 0.00, 1, 0),
(906, '2012-04-12 01:46:32', '2011-08-16', 'Reggeli - McDonalds', 1, 2, NULL, NULL, 19, -700.00, 0.00, 1, 0),
(907, '2012-04-12 01:46:32', '2011-08-16', 'Ebéd - Kínai', 1, 2, NULL, NULL, 6, -680.00, 0.00, 1, 0),
(908, '2012-04-12 01:46:32', '2011-08-17', 'Sebkötözés', 1, 2, NULL, NULL, 53, -3000.00, 0.00, 1, 0),
(909, '2012-04-12 01:46:33', '2011-08-17', 'Ebéd - Kínai', 1, 2, NULL, NULL, 6, -680.00, 0.00, 1, 0),
(910, '2012-04-12 01:46:33', '2011-08-17', 'Reggeli - Pékség', 1, 2, NULL, NULL, 19, -400.00, 0.00, 1, 0),
(911, '2012-04-12 01:46:33', '2011-08-18', 'Ebéd - Kínai', 1, 2, NULL, NULL, 6, -680.00, 0.00, 1, 0),
(912, '2012-04-12 01:46:33', '2011-08-18', 'Reggeli - KFC', 1, 2, NULL, NULL, 19, -500.00, 0.00, 1, 0),
(913, '2012-04-12 01:46:33', '2011-08-19', 'Kötszer, Algoflex', 1, 2, NULL, NULL, 22, -1930.00, 0.00, 1, 0),
(914, '2012-04-12 01:46:33', '2011-08-19', 'Kisbolt', 1, 2, NULL, NULL, 18, -2390.00, 0.00, 1, 0),
(915, '2012-04-12 01:46:33', '2011-08-19', 'Reggeli - McDonalds', 1, 2, NULL, NULL, 19, -500.00, 0.00, 1, 0),
(916, '2012-04-12 01:46:34', '2011-08-21', 'Vacsora - Pizza', 1, 2, NULL, NULL, 20, -1400.00, 0.00, 1, 0),
(917, '2012-04-12 01:46:34', '2011-08-21', 'From savings', 3, 6, 918, 1, 34, -30000.00, 0.00, 1, 0),
(918, '2012-04-12 01:46:34', '2011-08-21', 'From savings', 3, 1, NULL, NULL, 34, 30000.00, 0.00, 1, 0),
(919, '2012-04-12 01:46:34', '2011-08-22', 'Reggeli - Kisbolt', 1, 2, NULL, NULL, 19, -280.00, 0.00, 1, 0),
(920, '2012-04-12 01:46:34', '2011-08-22', 'Elem', 1, 2, NULL, NULL, 28, -350.00, 0.00, 1, 0),
(921, '2012-04-12 01:46:35', '2011-08-22', 'Ebéd - McDonalds', 1, 2, NULL, NULL, 6, -1460.00, 0.00, 1, 0),
(922, '2012-04-12 01:46:35', '2011-08-22', 'To wallet', 3, 1, 923, 2, 9, -30000.00, 0.00, 1, 0),
(923, '2012-04-12 01:46:35', '2011-08-22', 'To wallet', 3, 2, NULL, NULL, 9, 30000.00, 0.00, 1, 0),
(924, '2012-04-12 01:46:35', '2011-08-22', 'Ragtapasz', 1, 2, NULL, NULL, 22, -790.00, 0.00, 1, 0),
(925, '2012-04-12 01:46:35', '2011-08-23', 'Villanyszámla', 1, 2, NULL, NULL, 36, -5775.00, 0.00, 1, 0),
(926, '2012-04-12 01:46:36', '2011-08-23', 'Díjbeszedő', 1, 2, NULL, NULL, 42, -5495.00, 0.00, 1, 0),
(927, '2012-04-12 01:46:36', '2011-08-23', 'Internet', 1, 2, NULL, NULL, 39, -5000.00, 0.00, 1, 0),
(928, '2012-04-12 01:46:36', '2011-08-23', 'Ebéd - Pizza', 1, 2, NULL, NULL, 6, -700.00, 0.00, 1, 0),
(929, '2012-04-12 01:46:36', '2011-08-23', 'Reggeli - Kisbolt', 1, 2, NULL, NULL, 19, -525.00, 0.00, 1, 0),
(930, '2012-04-12 01:46:37', '2011-08-24', 'Közös költség', 1, 2, NULL, NULL, 30, -8000.00, 0.00, 1, 0),
(931, '2012-04-12 01:46:37', '2011-08-24', 'Reggeli - Kisbolt', 1, 2, NULL, NULL, 19, -310.00, 0.00, 1, 0),
(932, '2012-04-12 01:46:37', '2011-08-24', 'Ebéd - Kínai', 1, 2, NULL, NULL, 6, -480.00, 0.00, 1, 0),
(933, '2012-04-12 01:46:37', '2011-08-25', 'Vacsora - Pizza', 1, 2, NULL, NULL, 20, -1400.00, 0.00, 1, 0),
(934, '2012-04-12 01:46:37', '2011-08-25', 'Reggeli - Kisbolt', 1, 2, NULL, NULL, 19, -275.00, 0.00, 1, 0),
(935, '2012-04-12 01:46:37', '2011-08-25', 'Ebéd - Pizza', 1, 2, NULL, NULL, 6, -1600.00, 0.00, 1, 0),
(936, '2012-04-12 01:46:38', '2011-08-26', 'Spar', 1, 2, NULL, NULL, 18, -2400.00, 0.00, 1, 0),
(937, '2012-04-12 01:46:38', '2011-08-26', 'Reggeli - Kisbolt', 1, 2, NULL, NULL, 19, -485.00, 0.00, 1, 0),
(938, '2012-04-12 01:46:38', '2011-08-26', 'Ebéd - Kínai', 1, 2, NULL, NULL, 6, -650.00, 0.00, 1, 0),
(939, '2012-04-12 01:46:38', '2011-08-27', 'Spar', 1, 2, NULL, NULL, 18, -1200.00, 0.00, 1, 0),
(940, '2012-04-12 01:46:38', '2011-08-27', 'Dávid parfüm', 1, 2, NULL, NULL, 41, -800.00, 0.00, 1, 0),
(941, '2012-04-12 01:46:38', '2011-08-27', 'From savings', 3, 6, 942, 2, 34, -20000.00, 0.00, 1, 0),
(942, '2012-04-12 01:46:38', '2011-08-27', 'From savings', 3, 2, NULL, NULL, 34, 20000.00, 0.00, 1, 0),
(943, '2012-04-12 01:46:39', '2011-08-29', 'Reggeli - Kisbolt', 1, 2, NULL, NULL, 19, -300.00, 0.00, 1, 0),
(944, '2012-04-12 01:46:39', '2011-08-29', 'Ebéd - Pizza', 1, 2, NULL, NULL, 6, -1000.00, 0.00, 1, 0),
(945, '2012-04-12 01:46:39', '2011-08-30', 'Reggeli - Kisbolt', 1, 2, NULL, NULL, 19, -500.00, 0.00, 1, 0),
(946, '2012-04-12 01:46:39', '2011-08-30', 'Ebéd - Kínai', 1, 2, NULL, NULL, 6, -480.00, 0.00, 1, 0),
(947, '2012-04-12 01:46:40', '2011-08-30', 'Vacsora - Kisbolt', 1, 2, NULL, NULL, 20, -200.00, 0.00, 1, 0),
(948, '2012-04-12 01:46:40', '2011-08-31', 'From savings', 3, 6, 949, 2, 34, -30000.00, 0.00, 1, 0),
(949, '2012-04-12 01:46:40', '2011-08-31', 'From savings', 3, 2, NULL, NULL, 34, 30000.00, 0.00, 1, 0),
(950, '2012-04-12 01:46:40', '2011-08-31', 'Anyáéknak', 1, 2, NULL, NULL, 29, -25000.00, 0.00, 1, 0),
(951, '2012-04-12 01:46:41', '2011-08-31', 'Villanyszámla', 1, 2, NULL, NULL, 36, -3940.00, 0.00, 1, 0);
INSERT INTO `transaction` (`id`, `created_at`, `date`, `description`, `transaction_type_id`, `account_id`, `transfer_transaction_id`, `to_account_id`, `category_id`, `amount`, `account_balance`, `transaction_status_id`, `deleted`) VALUES
(952, '2012-04-12 01:46:41', '2011-08-31', 'Ebéd - McDonalds', 1, 2, NULL, NULL, 6, -1010.00, 0.00, 1, 0),
(953, '2012-04-12 01:46:41', '2011-08-31', 'Reggeli - Kisbolt', 1, 2, NULL, NULL, 19, -475.00, 0.00, 1, 0),
(954, '2012-04-12 01:46:41', '2011-08-31', 'Vacsora - Pizza', 1, 2, NULL, NULL, 20, -1350.00, 0.00, 1, 0),
(955, '2012-04-12 01:46:41', '2011-08-31', 'Balance', 1, 2, NULL, NULL, 35, -2770.00, 0.00, 1, 0),
(956, '2012-04-12 01:46:41', '2011-09-01', 'Reggeli - Kisbolt', 1, 2, NULL, NULL, 19, -365.00, 0.00, 1, 0),
(957, '2012-04-12 01:46:42', '2011-09-01', 'Ebéd - Kínai', 1, 2, NULL, NULL, 6, -1060.00, 0.00, 1, 0),
(958, '2012-04-12 01:46:42', '2011-09-02', 'Reggeli - Kisbolt', 1, 2, NULL, NULL, 19, -485.00, 0.00, 1, 0),
(959, '2012-04-12 01:46:42', '2011-09-02', 'Ebéd - McDonalds', 1, 2, NULL, NULL, 6, -1470.00, 0.00, 1, 0),
(960, '2012-04-12 01:46:42', '2011-09-02', 'Ragtapasz', 1, 2, NULL, NULL, 22, -645.00, 0.00, 1, 0),
(961, '2012-04-12 01:46:42', '2011-09-03', 'Tesco', 1, 2, NULL, NULL, 18, -4235.00, 0.00, 1, 0),
(962, '2012-04-12 01:46:42', '2011-09-03', 'Felmosófej, Cillit Bang', 1, 2, NULL, NULL, 25, -1670.00, 0.00, 1, 0),
(963, '2012-04-12 01:46:43', '2011-09-03', 'Old spice spray', 1, 2, NULL, NULL, 41, -860.00, 0.00, 1, 0),
(964, '2012-04-12 01:46:43', '2011-09-03', 'From savings', 3, 6, 965, 2, 34, -20000.00, 0.00, 1, 0),
(965, '2012-04-12 01:46:43', '2011-09-03', 'From savings', 3, 2, NULL, NULL, 34, 20000.00, 0.00, 1, 0),
(966, '2012-04-12 01:46:43', '2011-09-05', 'Fizetés', 2, 1, NULL, NULL, 10, 245000.00, 0.00, 1, 0),
(967, '2012-04-12 01:46:43', '2011-09-05', 'Fila hátizsák', 1, 2, NULL, NULL, 28, -3000.00, 0.00, 1, 0),
(968, '2012-04-12 01:46:44', '2011-09-05', 'Reggeli - Kisbolt', 1, 2, NULL, NULL, 19, -220.00, 0.00, 1, 0),
(969, '2012-04-12 01:46:44', '2011-09-05', 'To savings', 3, 1, 970, 6, 13, -60000.00, 0.00, 1, 0),
(970, '2012-04-12 01:46:44', '2011-09-05', 'To savings', 3, 6, NULL, NULL, 13, 60000.00, 0.00, 1, 0),
(971, '2012-04-12 01:46:44', '2011-09-05', 'Vacsora - Pizza', 1, 2, NULL, NULL, 20, -1400.00, 0.00, 1, 0),
(972, '2012-04-12 01:46:44', '2011-09-05', 'To New York 2012', 1, 6, NULL, NULL, 13, -40000.00, 0.00, 1, 0),
(973, '2012-04-12 01:46:45', '2011-09-06', 'Lakbér', 1, 1, NULL, NULL, 27, -50000.00, 0.00, 1, 0),
(974, '2012-04-12 01:46:45', '2011-09-06', 'Fodrász', 1, 2, NULL, NULL, 40, -2500.00, 0.00, 1, 0),
(975, '2012-04-12 01:46:45', '2011-09-06', 'Reggeli - Kisbolt', 1, 2, NULL, NULL, 19, -415.00, 0.00, 1, 0),
(976, '2012-04-12 01:46:45', '2011-09-06', 'Fagyi McDonalds', 1, 2, NULL, NULL, 4, -490.00, 0.00, 1, 0),
(977, '2012-04-12 01:46:45', '2011-09-06', 'Ebéd - Tesco', 1, 2, NULL, NULL, 6, -530.00, 0.00, 1, 0),
(978, '2012-04-12 01:46:45', '2011-09-07', 'Telefon', 1, 2, NULL, NULL, 23, -3000.00, 0.00, 1, 0),
(979, '2012-04-12 01:46:46', '2011-09-07', 'HTC Wildfire S', 1, 1, NULL, NULL, 31, -56810.00, 0.00, 1, 0),
(980, '2012-04-12 01:46:46', '2011-09-07', 'ebéd meki', 1, 2, NULL, NULL, 6, -1390.00, 0.00, 1, 0),
(981, '2012-04-12 01:46:46', '2011-09-08', 'Tesco', 1, 2, NULL, NULL, 18, -200.00, 0.00, 1, 0),
(982, '2012-04-12 01:46:46', '2011-09-08', 'Ebéd - Tesco', 1, 2, NULL, NULL, 6, -360.00, 0.00, 1, 0),
(983, '2012-04-12 01:46:46', '2011-09-08', 'Bevásárlások', 1, 2, NULL, NULL, 18, -5970.00, 0.00, 1, 0),
(984, '2012-04-12 01:46:46', '2011-09-09', 'Tesco', 1, 2, NULL, NULL, 18, -875.00, 0.00, 1, 0),
(985, '2012-04-12 01:46:46', '2011-09-10', 'Vonatjegy', 1, 2, NULL, NULL, 21, -2200.00, 0.00, 1, 0),
(986, '2012-04-12 01:46:47', '2011-09-10', 'BKV jegy', 1, 2, NULL, NULL, 21, -320.00, 0.00, 1, 0),
(987, '2012-04-12 01:46:47', '2011-09-11', 'Mamáéktól szülinapra', 2, 2, NULL, NULL, 17, 10000.00, 0.00, 1, 0),
(988, '2012-04-12 01:46:47', '2011-09-12', 'Vacsora - Kisbolt', 1, 2, NULL, NULL, 20, -105.00, 0.00, 1, 0),
(989, '2012-04-12 01:46:47', '2011-09-12', 'Reggeli - Kisbolt', 1, 2, NULL, NULL, 19, -495.00, 0.00, 1, 0),
(990, '2012-04-12 01:46:47', '2011-09-12', 'Kötszer', 1, 2, NULL, NULL, 22, -450.00, 0.00, 1, 0),
(991, '2012-04-12 01:46:48', '2011-09-12', 'To wallet', 3, 1, 992, 2, 9, -18190.00, 0.00, 1, 0),
(992, '2012-04-12 01:46:48', '2011-09-12', 'To wallet', 3, 2, NULL, NULL, 9, 18190.00, 0.00, 1, 0),
(993, '2012-04-12 01:46:48', '2011-09-13', 'Bérlet', 1, 2, NULL, NULL, 21, -3850.00, 0.00, 1, 0),
(994, '2012-04-12 01:46:48', '2011-09-13', 'Reggeli - Kisbolt', 1, 2, NULL, NULL, 19, -190.00, 0.00, 1, 0),
(995, '2012-04-12 01:46:48', '2011-09-13', 'Vacsora - Kisbolt', 1, 2, NULL, NULL, 20, -590.00, 0.00, 1, 0),
(996, '2012-04-12 01:46:48', '2011-09-13', 'Kávé', 1, 2, NULL, NULL, 47, -60.00, 0.00, 1, 0),
(997, '2012-04-12 01:46:49', '2011-09-13', '3 BKV jegy', 1, 2, NULL, NULL, 21, -960.00, 0.00, 1, 0),
(998, '2012-04-12 01:46:49', '2011-09-13', 'Ebéd - Kínai', 1, 2, NULL, NULL, 6, -860.00, 0.00, 1, 0),
(999, '2012-04-12 01:46:49', '2011-09-13', 'Füzet', 1, 2, NULL, NULL, 37, -90.00, 0.00, 1, 0),
(1000, '2012-04-12 01:46:49', '2011-09-14', 'Közösköltség', 1, 2, NULL, NULL, 30, -8000.00, 0.00, 1, 0),
(1001, '2012-04-12 01:46:49', '2011-09-14', 'Anyáéktól vissza', 2, 2, NULL, NULL, 54, 16000.00, 0.00, 1, 0),
(1002, '2012-04-12 01:46:49', '2011-09-14', 'To OTP', 3, 2, 1003, 13, 11, -16000.00, 0.00, 1, 0),
(1003, '2012-04-12 01:46:49', '2011-09-14', 'To OTP', 3, 13, NULL, NULL, 11, 16000.00, 0.00, 1, 0),
(1004, '2012-04-12 01:46:50', '2011-09-14', 'To Paypal', 3, 13, 1005, 4, 44, -10260.00, 0.00, 1, 0),
(1005, '2012-04-12 01:46:50', '2011-09-14', 'To Paypal', 3, 4, NULL, NULL, 44, 10260.00, 0.00, 1, 0),
(1006, '2012-04-12 01:46:50', '2011-09-14', 'Reggeli - Kisbolt', 1, 2, NULL, NULL, 19, -425.00, 0.00, 1, 0),
(1007, '2012-04-12 01:46:50', '2011-09-15', 'Vacsora - Burger King', 1, 2, NULL, NULL, 20, -850.00, 0.00, 1, 0),
(1008, '2012-04-12 01:46:51', '2011-09-15', 'sványvíz', 1, 2, NULL, NULL, 18, -150.00, 0.00, 1, 0),
(1009, '2012-04-12 01:46:51', '2011-09-15', 'Melegszendvics', 1, 2, NULL, NULL, 18, -300.00, 0.00, 1, 0),
(1010, '2012-04-12 01:46:51', '2011-09-16', 'Payment To: Habostorta Kft.', 1, 4, NULL, NULL, 43, -4160.00, 0.00, 1, 0),
(1011, '2012-04-12 01:46:51', '2011-09-16', 'Reggeli - Kisbolt', 1, 2, NULL, NULL, 19, -630.00, 0.00, 1, 0),
(1012, '2012-04-12 01:46:51', '2011-09-16', 'Vacsora - Pizza', 1, 2, NULL, NULL, 20, -1000.00, 0.00, 1, 0),
(1013, '2012-04-12 01:46:51', '2011-09-17', 'Tesco', 1, 2, NULL, NULL, 18, -3460.00, 0.00, 1, 0),
(1014, '2012-04-12 01:46:51', '2011-09-17', 'Papír törlő', 1, 2, NULL, NULL, 25, -295.00, 0.00, 1, 0),
(1015, '2012-04-12 01:46:52', '2011-09-17', 'Füzetek', 1, 2, NULL, NULL, 37, -1480.00, 0.00, 1, 0),
(1016, '2012-04-12 01:46:52', '2011-09-17', 'From savings', 3, 1, 1017, 2, 34, -20000.00, 0.00, 1, 0),
(1017, '2012-04-12 01:46:52', '2011-09-17', 'From savings', 3, 2, NULL, NULL, 34, 20000.00, 0.00, 1, 0),
(1018, '2012-04-12 01:46:52', '2011-09-17', 'Balance', 1, 2, NULL, NULL, 35, -3881.00, 0.00, 1, 0),
(1019, '2012-04-12 01:46:52', '2011-09-17', 'Payment To: Habostorta Kft.', 1, 4, NULL, NULL, 43, -1000.00, 0.00, 1, 0),
(1020, '2012-04-12 01:46:53', '2011-09-18', 'Kisbolt', 1, 2, NULL, NULL, 18, -470.00, 0.00, 1, 0),
(1021, '2012-04-12 01:46:53', '2011-09-19', 'Ragtapasz', 1, 2, NULL, NULL, 22, -725.00, 0.00, 1, 0),
(1022, '2012-04-12 01:46:53', '2011-09-19', 'Iwebs Office - Kávé', 1, 2, NULL, NULL, 26, -1600.00, 0.00, 1, 0),
(1023, '2012-04-12 01:46:53', '2011-09-19', 'Iwebs Office - Tej', 1, 2, NULL, NULL, 26, -150.00, 0.00, 1, 0),
(1024, '2012-04-12 01:46:53', '2011-09-19', 'Iwebs Office - Cukor', 1, 2, NULL, NULL, 26, -530.00, 0.00, 1, 0),
(1025, '2012-04-12 01:46:53', '2011-09-19', 'Tesco', 1, 2, NULL, NULL, 18, -1460.00, 0.00, 1, 0),
(1026, '2012-04-12 01:46:53', '2011-09-19', 'Reggeli - Kisbolt', 1, 2, NULL, NULL, 19, -220.00, 0.00, 1, 0),
(1027, '2012-04-12 01:46:54', '2011-09-19', 'To wallet', 3, 1, 1028, 2, 9, -20000.00, 0.00, 1, 0),
(1028, '2012-04-12 01:46:54', '2011-09-19', 'To wallet', 3, 2, NULL, NULL, 9, 20000.00, 0.00, 1, 0),
(1029, '2012-04-12 01:46:54', '2011-09-19', 'To wallet', 3, 1, 1030, 2, 9, -10000.00, 0.00, 1, 0),
(1030, '2012-04-12 01:46:54', '2011-09-19', 'To wallet', 3, 2, NULL, NULL, 9, 10000.00, 0.00, 1, 0),
(1031, '2012-04-12 01:46:54', '2011-09-20', 'Vacsora - McDonalds', 1, 2, NULL, NULL, 20, -1480.00, 0.00, 1, 0),
(1032, '2012-04-12 01:46:55', '2011-09-20', 'Reggeli - Kisbolt', 1, 2, NULL, NULL, 19, -634.00, 0.00, 1, 0),
(1033, '2012-04-12 01:46:55', '2011-09-20', 'Ebéd - McDonalds', 1, 2, NULL, NULL, 6, -1490.00, 0.00, 1, 0),
(1034, '2012-04-12 01:46:55', '2011-09-21', 'Internet', 1, 2, NULL, NULL, 39, -5025.00, 0.00, 1, 0),
(1035, '2012-04-12 01:46:55', '2011-09-21', 'Vodafone', 1, 2, NULL, NULL, 23, -5000.00, 0.00, 1, 0),
(1036, '2012-04-12 01:46:55', '2011-09-21', 'Sebkötözés', 1, 2, NULL, NULL, 53, -3000.00, 0.00, 1, 0),
(1037, '2012-04-12 01:46:55', '2011-09-21', 'Vacsora - Kisbolt', 1, 2, NULL, NULL, 20, -625.00, 0.00, 1, 0),
(1038, '2012-04-12 01:46:56', '2011-09-22', 'Iwebs office - Cukor', 1, 2, NULL, NULL, 26, -260.00, 0.00, 1, 0),
(1039, '2012-04-12 01:46:56', '2011-09-22', 'Martini', 1, 2, NULL, NULL, 38, -1290.00, 0.00, 1, 0),
(1040, '2012-04-12 01:46:56', '2011-09-22', 'Ebéd - Tesco', 1, 2, NULL, NULL, 6, -330.00, 0.00, 1, 0),
(1041, '2012-04-12 01:46:56', '2011-09-22', 'To mums', 1, 2, NULL, NULL, 29, -10000.00, 0.00, 1, 0),
(1042, '2012-04-12 01:46:56', '2011-09-23', 'Tanszerek', 1, 2, NULL, NULL, 37, -3000.00, 0.00, 1, 0),
(1043, '2012-04-12 01:46:56', '2011-09-23', 'Ebéd - McDonalds', 1, 2, NULL, NULL, 6, -700.00, 0.00, 1, 0),
(1044, '2012-04-12 01:46:56', '2011-09-23', 'Vacsora - Pizza', 1, 2, NULL, NULL, 20, -1000.00, 0.00, 1, 0),
(1045, '2012-04-12 01:46:57', '2011-09-24', 'Kisbolt', 1, 2, NULL, NULL, 18, -2165.00, 0.00, 1, 0),
(1046, '2012-04-12 01:46:57', '2011-09-25', 'Reggeli - Kisbolt', 1, 2, NULL, NULL, 19, -445.00, 0.00, 1, 0),
(1047, '2012-04-12 01:46:57', '2011-09-26', 'Villanyszámla', 1, 2, NULL, NULL, 36, -4300.00, 0.00, 1, 0),
(1048, '2012-04-12 01:46:57', '2011-09-26', 'Díjbeszedő', 1, 2, NULL, NULL, 42, -6100.00, 0.00, 1, 0),
(1049, '2012-04-12 01:46:57', '2011-09-26', 'Reggeli - Pékség', 1, 2, NULL, NULL, 19, -200.00, 0.00, 1, 0),
(1050, '2012-04-12 01:46:57', '2011-09-26', 'Ebéd - Avanti', 1, 2, NULL, NULL, 6, -1000.00, 0.00, 1, 0),
(1051, '2012-04-12 01:46:58', '2011-09-26', 'Vacsora - Kínai', 1, 2, NULL, NULL, 20, -680.00, 0.00, 1, 0),
(1052, '2012-04-12 01:46:58', '2011-09-27', 'Ebéd - Avanti', 1, 2, NULL, NULL, 6, -990.00, 0.00, 1, 0),
(1053, '2012-04-12 01:46:58', '2011-09-27', 'Reggeli - Pékség', 1, 2, NULL, NULL, 19, -265.00, 0.00, 1, 0),
(1054, '2012-04-12 01:46:58', '2011-09-27', 'Vacsora - Kisbolt', 1, 2, NULL, NULL, 20, -630.00, 0.00, 1, 0),
(1055, '2012-04-12 01:46:59', '2011-09-27', 'Ebéd - Kisbolt', 1, 2, NULL, NULL, 6, -985.00, 0.00, 1, 0),
(1056, '2012-04-12 01:46:59', '2011-09-27', 'To wallet', 3, 1, 1057, 2, 9, -10000.00, 0.00, 1, 0),
(1057, '2012-04-12 01:46:59', '2011-09-27', 'To wallet', 3, 2, NULL, NULL, 9, 10000.00, 0.00, 1, 0),
(1058, '2012-04-12 01:46:59', '2011-09-29', 'Reggeli - Pékség', 1, 2, NULL, NULL, 19, -300.00, 0.00, 1, 0),
(1059, '2012-04-12 01:46:59', '2011-10-01', 'Spar', 1, 2, NULL, NULL, 18, -1875.00, 0.00, 1, 0),
(1060, '2012-04-12 01:47:00', '2011-10-03', 'Usoft.eu', 1, 2, NULL, NULL, 52, -3750.00, 0.00, 1, 0),
(1061, '2012-04-12 01:47:00', '2011-10-03', 'Learntosaveup.com', 1, 2, NULL, NULL, 52, -3750.00, 0.00, 1, 0),
(1062, '2012-04-12 01:47:00', '2011-10-03', 'Posta', 1, 2, NULL, NULL, 29, -320.00, 0.00, 1, 0),
(1063, '2012-04-12 01:47:00', '2011-10-04', 'Rossmann', 1, 2, NULL, NULL, 41, -3095.00, 0.00, 1, 0),
(1064, '2012-04-12 01:47:00', '2011-10-04', 'Webes vásárlás', 1, 2, NULL, NULL, 43, -13330.00, 0.00, 1, 0),
(1065, '2012-04-12 01:47:00', '2011-10-05', 'Fizetés', 2, 1, NULL, NULL, 10, 209000.00, 0.00, 1, 0),
(1066, '2012-04-12 01:47:01', '2011-10-05', 'To savings', 3, 6, 1067, 1, 13, -50000.00, 0.00, 1, 0),
(1067, '2012-04-12 01:47:01', '2011-10-05', 'To savings', 3, 1, NULL, NULL, 13, 50000.00, 0.00, 1, 0),
(1068, '2012-04-12 01:47:01', '2011-10-05', 'Lakbér', 1, 2, NULL, NULL, 27, -50000.00, 0.00, 1, 0),
(1069, '2012-04-12 01:47:02', '2011-10-07', 'Ebéd - McDonalds', 1, 2, NULL, NULL, 6, -1310.00, 0.00, 1, 0),
(1070, '2012-04-12 01:47:02', '2011-10-09', 'Vacsora - Kisbolt', 1, 2, NULL, NULL, 20, -665.00, 0.00, 1, 0),
(1071, '2012-04-12 01:47:02', '2011-10-09', 'Kisbolt', 1, 2, NULL, NULL, 18, -1295.00, 0.00, 1, 0),
(1072, '2012-04-12 01:47:02', '2011-10-10', 'Ebéd - Avanti', 1, 2, NULL, NULL, 6, -1000.00, 0.00, 1, 0),
(1073, '2012-04-12 01:47:02', '2011-10-10', 'Fenivit kenőcs', 1, 2, NULL, NULL, 22, -1235.00, 0.00, 1, 0),
(1074, '2012-04-12 01:47:03', '2011-10-10', 'To Wallet', 3, 1, 1075, 2, 9, -151220.00, 0.00, 1, 0),
(1075, '2012-04-12 01:47:03', '2011-10-10', 'To Wallet', 3, 2, NULL, NULL, 9, 151220.00, 0.00, 1, 0),
(1076, '2012-04-12 01:47:04', '2011-10-11', 'Kisbolt', 1, 2, NULL, NULL, 18, -1065.00, 0.00, 1, 0),
(1077, '2012-04-12 01:47:04', '2011-10-13', 'Vacsora - McDonalds', 1, 2, NULL, NULL, 20, -1160.00, 0.00, 1, 0),
(1078, '2012-04-12 01:47:04', '2011-10-13', 'Bolt', 1, 2, NULL, NULL, 18, -260.00, 0.00, 1, 0),
(1079, '2012-04-12 01:47:04', '2011-10-13', 'Reggeli - Kisbolt', 1, 2, NULL, NULL, 19, -265.00, 0.00, 1, 0),
(1080, '2012-04-12 01:47:04', '2011-10-13', 'Ebéd - Avanti', 1, 2, NULL, NULL, 6, -1000.00, 0.00, 1, 0),
(1081, '2012-04-12 01:47:05', '2011-10-14', 'Ebéd - McDonalds', 1, 2, NULL, NULL, 6, -1320.00, 0.00, 1, 0),
(1082, '2012-04-12 01:47:05', '2011-10-14', 'Vacsora - Pizza', 1, 2, NULL, NULL, 20, -1400.00, 0.00, 1, 0),
(1083, '2012-04-12 01:47:05', '2011-10-15', 'Ruha', 1, 2, NULL, NULL, 7, -9480.00, 0.00, 1, 0),
(1084, '2012-04-12 01:47:05', '2011-10-16', 'Kisbolt', 1, 2, NULL, NULL, 18, -525.00, 0.00, 1, 0),
(1085, '2012-04-12 01:47:05', '2011-10-16', 'Randi - Frei Cafe', 1, 2, NULL, NULL, 47, -1590.00, 0.00, 1, 0),
(1086, '2012-04-12 01:47:05', '2011-10-17', 'Internet', 1, 2, NULL, NULL, 39, -5020.00, 0.00, 1, 0),
(1087, '2012-04-12 01:47:06', '2011-10-17', 'Ebéd - Avanti', 1, 2, NULL, NULL, 6, -1110.00, 0.00, 1, 0),
(1088, '2012-04-12 01:47:06', '2011-10-18', 'Vacsora - McDonalds', 1, 2, NULL, NULL, 20, -1140.00, 0.00, 1, 0),
(1089, '2012-04-12 01:47:06', '2011-10-20', 'Vacsora - KFC', 1, 2, NULL, NULL, 20, -1250.00, 0.00, 1, 0),
(1090, '2012-04-12 01:47:06', '2011-10-21', 'Ebéd - Avanti', 1, 2, NULL, NULL, 6, -990.00, 0.00, 1, 0),
(1091, '2012-04-12 01:47:06', '2011-10-21', 'Rossmann', 1, 2, NULL, NULL, 25, -5345.00, 0.00, 1, 0),
(1092, '2012-04-12 01:47:06', '2011-10-21', 'Közösköltség', 1, 2, NULL, NULL, 30, -8000.00, 0.00, 1, 0),
(1093, '2012-04-12 01:47:06', '2011-10-21', 'Anyáéknak', 1, 2, NULL, NULL, 29, -7000.00, 0.00, 1, 0),
(1094, '2012-04-12 01:47:07', '2011-10-21', 'To OTP', 3, 2, 1095, 13, 11, -3000.00, 0.00, 1, 0),
(1095, '2012-04-12 01:47:07', '2011-10-21', 'To OTP', 3, 13, NULL, NULL, 11, 3000.00, 0.00, 1, 0),
(1096, '2012-04-12 01:47:07', '2011-10-21', 'Reggelik', 1, 2, NULL, NULL, 19, -3750.00, 0.00, 1, 0),
(1097, '2012-04-12 01:47:07', '2011-10-22', 'Rossmann', 1, 2, NULL, NULL, 41, -1445.00, 0.00, 1, 0),
(1098, '2012-04-12 01:47:07', '2011-10-22', 'Gyógyszertár', 1, 2, NULL, NULL, 22, -3510.00, 0.00, 1, 0),
(1099, '2012-04-12 01:47:08', '2011-10-22', 'Mobil feltöltés', 1, 2, NULL, NULL, 23, -3000.00, 0.00, 1, 0),
(1100, '2012-04-12 01:47:08', '2011-10-23', 'Randi - Mozi', 1, 2, NULL, NULL, 51, -2180.00, 0.00, 1, 0),
(1101, '2012-04-12 01:47:08', '2011-10-23', 'Randi - Kávé mozi után', 1, 2, NULL, NULL, 47, -2000.00, 0.00, 1, 0),
(1102, '2012-04-12 01:47:08', '2011-10-24', 'Vacsora - Kínai', 1, 2, NULL, NULL, 20, -580.00, 0.00, 1, 0),
(1103, '2012-04-12 01:47:08', '2011-10-25', 'Villanyszámla', 1, 2, NULL, NULL, 36, -4000.00, 0.00, 1, 0),
(1104, '2012-04-12 01:47:08', '2011-10-26', 'Ebéd', 1, 2, NULL, NULL, 6, -1760.00, 0.00, 1, 0),
(1105, '2012-04-12 01:47:09', '2011-10-26', 'Napszemüveg', 1, 2, NULL, NULL, 7, -1990.00, 0.00, 1, 0),
(1106, '2012-04-12 01:47:09', '2011-10-26', 'Tusfürdő', 1, 2, NULL, NULL, 41, -500.00, 0.00, 1, 0),
(1107, '2012-04-12 01:47:09', '2011-10-27', 'Ebéd - Avanti', 1, 2, NULL, NULL, 6, -1240.00, 0.00, 1, 0),
(1108, '2012-04-12 01:47:09', '2011-10-27', 'Ebéd - Pizza', 1, 2, NULL, NULL, 6, -1350.00, 0.00, 1, 0),
(1109, '2012-04-12 01:47:09', '2011-10-30', 'Ebéd', 1, 2, NULL, NULL, 6, -1180.00, 0.00, 1, 0),
(1110, '2012-04-12 01:47:09', '2011-10-30', 'Ebéd - Avanti', 1, 2, NULL, NULL, 6, -1240.00, 0.00, 1, 0),
(1111, '2012-04-12 01:47:10', '2011-11-02', 'Kisbolt', 1, 2, NULL, NULL, 18, -650.00, 0.00, 1, 0),
(1112, '2012-04-12 01:47:10', '2011-11-03', 'Ebéd - McDonalds', 1, 2, NULL, NULL, 6, -1610.00, 0.00, 1, 0),
(1113, '2012-04-12 01:47:10', '2011-11-03', 'Számológép', 1, 2, NULL, NULL, 31, -4140.00, 0.00, 1, 0),
(1114, '2012-04-12 01:47:10', '2011-11-03', 'Kisbolt', 1, 2, NULL, NULL, 18, -260.00, 0.00, 1, 0),
(1115, '2012-04-12 01:47:10', '2011-11-05', 'Fizetés', 2, 1, NULL, NULL, 10, 250000.00, 0.00, 1, 0),
(1116, '2012-04-12 01:47:10', '2011-11-05', 'To savings', 3, 1, 1117, 6, 13, -60000.00, 0.00, 1, 0),
(1117, '2012-04-12 01:47:10', '2011-11-05', 'To savings', 3, 6, NULL, NULL, 13, 60000.00, 0.00, 1, 0),
(1118, '2012-04-12 01:47:11', '2011-11-05', 'Ebéd - KFC', 1, 2, NULL, NULL, 6, -700.00, 0.00, 1, 0),
(1119, '2012-04-12 01:47:11', '2011-11-05', 'Ebéd - Don Pepe', 1, 2, NULL, NULL, 6, -1070.00, 0.00, 1, 0),
(1120, '2012-04-12 01:47:11', '2011-11-05', 'Lakbér', 1, 2, NULL, NULL, 27, -50000.00, 0.00, 1, 0),
(1121, '2012-04-12 01:47:11', '2011-11-06', 'Ebéd - KFC', 1, 2, NULL, NULL, 6, -1100.00, 0.00, 1, 0),
(1122, '2012-04-12 01:47:11', '2011-11-06', 'Internet', 1, 2, NULL, NULL, 39, -10045.00, 0.00, 1, 0),
(1123, '2012-04-12 01:47:12', '2011-11-07', 'Ebéd - Pizza', 1, 2, NULL, NULL, 6, -1300.00, 0.00, 1, 0),
(1124, '2012-04-12 01:47:12', '2011-11-07', 'Ebéd - Menü étterem', 1, 2, NULL, NULL, 6, -1075.00, 0.00, 1, 0),
(1125, '2012-04-12 01:47:12', '2011-11-08', 'Boxer', 1, 2, NULL, NULL, 7, -1600.00, 0.00, 1, 0),
(1126, '2012-04-12 01:47:12', '2011-11-09', 'Ebéd - Avanti', 1, 2, NULL, NULL, 6, -1230.00, 0.00, 1, 0),
(1127, '2012-04-12 01:47:12', '2011-11-10', 'Ebéd - Pizza', 1, 2, NULL, NULL, 6, -1000.00, 0.00, 1, 0),
(1128, '2012-04-12 01:47:12', '2011-11-10', 'Közös költség', 1, 2, NULL, NULL, 30, -13000.00, 0.00, 1, 0),
(1129, '2012-04-12 01:47:13', '2011-11-11', 'Kisbolt', 1, 2, NULL, NULL, 18, -1175.00, 0.00, 1, 0),
(1130, '2012-04-12 01:47:13', '2011-11-12', 'Ebéd - Pizza', 1, 2, NULL, NULL, 6, -1000.00, 0.00, 1, 0),
(1131, '2012-04-12 01:47:13', '2011-11-12', 'Mozi - Hallhatatlanok', 1, 2, NULL, NULL, 51, -1800.00, 0.00, 1, 0),
(1132, '2012-04-12 01:47:13', '2011-11-13', 'Spar', 1, 2, NULL, NULL, 18, -4350.00, 0.00, 1, 0),
(1133, '2012-04-12 01:47:13', '2011-11-14', 'Ebéd - Avanti', 1, 2, NULL, NULL, 6, -1240.00, 0.00, 1, 0),
(1134, '2012-04-12 01:47:14', '2011-11-16', 'Algoflex', 1, 2, NULL, NULL, 22, -1060.00, 0.00, 1, 0),
(1135, '2012-04-12 01:47:14', '2011-11-16', 'Vodafone', 1, 2, NULL, NULL, 23, -3000.00, 0.00, 1, 0),
(1136, '2012-04-12 01:47:14', '2011-11-16', 'Ebéd - Menü étterem', 1, 2, NULL, NULL, 6, -690.00, 0.00, 1, 0),
(1137, '2012-04-12 01:47:14', '2011-11-16', 'gő, elem', 1, 2, NULL, NULL, 28, -795.00, 0.00, 1, 0),
(1138, '2012-04-12 01:47:15', '2011-11-16', 'Fogkefe', 1, 2, NULL, NULL, 41, -1655.00, 0.00, 1, 0),
(1139, '2012-04-12 01:47:15', '2011-11-17', 'Ebéd - Avanti', 1, 2, NULL, NULL, 6, -1230.00, 0.00, 1, 0),
(1140, '2012-04-12 01:47:15', '2011-11-18', 'Ebéd - Don Pepe', 1, 2, NULL, NULL, 6, -1310.00, 0.00, 1, 0),
(1141, '2012-04-12 01:47:15', '2011-11-19', 'Ebéd - Avanti', 1, 2, NULL, NULL, 6, -1240.00, 0.00, 1, 0),
(1142, '2012-04-12 01:47:15', '2011-11-20', 'Tesco', 1, 2, NULL, NULL, 18, -2940.00, 0.00, 1, 0),
(1143, '2012-04-12 01:47:15', '2011-11-20', 'Fogkefe, fogkrém, spray', 1, 2, NULL, NULL, 41, -1645.00, 0.00, 1, 0),
(1144, '2012-04-12 01:47:16', '2011-11-20', 'Mosogatószivacs', 1, 2, NULL, NULL, 25, -140.00, 0.00, 1, 0),
(1145, '2012-04-12 01:47:16', '2011-11-21', 'Ebéd - Avanti', 1, 2, NULL, NULL, 6, -1230.00, 0.00, 1, 0),
(1146, '2012-04-12 01:47:16', '2011-11-22', 'Reggeli - Pékség', 1, 1, NULL, NULL, 19, -4600.00, 0.00, 1, 0),
(1147, '2012-04-12 01:47:16', '2011-11-22', 'Balance', 1, 1, NULL, NULL, 35, -12297.00, 0.00, 1, 0),
(1148, '2012-04-12 01:47:16', '2011-11-23', 'Villanyszámla', 1, 2, NULL, NULL, 36, -4000.00, 0.00, 1, 0),
(1149, '2012-04-12 01:47:16', '2011-11-24', 'Ebéd - McDonalds', 1, 2, NULL, NULL, 6, -2020.00, 0.00, 1, 0),
(1150, '2012-04-12 01:47:17', '2011-11-24', 'Kisbolt', 1, 2, NULL, NULL, 18, -365.00, 0.00, 1, 0),
(1151, '2012-04-12 01:47:17', '2011-11-26', 'Vonatjegy', 1, 2, NULL, NULL, 21, -1650.00, 0.00, 1, 0),
(1152, '2012-04-12 01:47:17', '2011-11-28', 'Ebéd - Avanti', 1, 2, NULL, NULL, 6, -1230.00, 0.00, 1, 0),
(1153, '2012-04-12 01:47:17', '2011-11-28', 'Rossmann', 1, 2, NULL, NULL, 41, -3355.00, 0.00, 1, 0),
(1154, '2012-04-12 01:47:17', '2011-11-28', 'Tandíj', 1, 2, NULL, NULL, 37, -69000.00, 0.00, 1, 0),
(1155, '2012-04-12 01:47:18', '2011-11-30', 'Ebéd - Avanti', 1, 2, NULL, NULL, 6, -1230.00, 0.00, 1, 0),
(1156, '2012-04-12 01:47:18', '2011-11-30', 'Balance', 1, 13, NULL, NULL, 35, -8689.00, 0.00, 1, 0),
(1157, '2012-04-12 01:47:18', '2011-12-01', 'Ebéd - KFC', 1, 2, NULL, NULL, 6, -1100.00, 0.00, 1, 0),
(1158, '2012-04-12 01:47:18', '2011-12-01', 'Nyomtatás', 1, 2, NULL, NULL, 37, -1730.00, 0.00, 1, 0),
(1159, '2012-04-12 01:47:18', '2011-12-01', 'Díjbeszedő', 1, 2, NULL, NULL, 42, -8300.00, 0.00, 1, 0),
(1160, '2012-04-12 01:47:18', '2011-12-01', 'Balance', 1, 4, NULL, NULL, 35, -3177.00, 0.00, 1, 0),
(1161, '2012-04-12 01:47:19', '2011-12-02', 'Ebéd - McDonalds', 1, 2, NULL, NULL, 6, -1570.00, 0.00, 1, 0),
(1162, '2012-04-12 01:47:19', '2011-12-02', 'Vacsora - Pizza', 1, 2, NULL, NULL, 20, -1000.00, 0.00, 1, 0),
(1163, '2012-04-12 01:47:19', '2011-12-03', 'Vacsora - Pizza', 1, 2, NULL, NULL, 20, -1400.00, 0.00, 1, 0),
(1164, '2012-04-12 01:47:19', '2011-12-04', 'blítő', 1, 2, NULL, NULL, 25, -1090.00, 0.00, 1, 0),
(1165, '2012-04-12 01:47:19', '2011-12-04', 'gő', 1, 2, NULL, NULL, 28, -200.00, 0.00, 1, 0),
(1166, '2012-04-12 01:47:20', '2011-12-04', 'Tesco', 1, 2, NULL, NULL, 18, -3515.00, 0.00, 1, 0),
(1167, '2012-04-12 01:47:20', '2011-12-05', 'Fizetés', 2, 1, NULL, NULL, 10, 208000.00, 0.00, 1, 0),
(1168, '2012-04-12 01:47:20', '2011-12-05', 'To savings', 3, 1, 1169, 6, 13, -60000.00, 0.00, 1, 0),
(1169, '2012-04-12 01:47:20', '2011-12-05', 'To savings', 3, 6, NULL, NULL, 13, 60000.00, 0.00, 1, 0),
(1170, '2012-04-12 01:47:20', '2011-12-05', 'Kisbolt', 1, 2, NULL, NULL, 18, -1045.00, 0.00, 1, 0),
(1171, '2012-04-12 01:47:21', '2011-12-05', 'Ebéd - KFC', 1, 2, NULL, NULL, 6, -1100.00, 0.00, 1, 0),
(1172, '2012-04-12 01:47:21', '2011-12-05', 'Lakbér', 1, 2, NULL, NULL, 27, -50000.00, 0.00, 1, 0),
(1173, '2012-04-12 01:47:21', '2011-12-05', 'To wallet', 3, 1, 1174, 2, 9, -386985.00, 0.00, 1, 0),
(1174, '2012-04-12 01:47:21', '2011-12-05', 'To wallet', 3, 2, NULL, NULL, 9, 386985.00, 0.00, 1, 0),
(1175, '2012-04-12 01:47:21', '2011-12-05', 'Balance', 1, 1, NULL, NULL, 35, -12298.00, 0.00, 1, 0),
(1176, '2012-04-12 01:47:22', '2011-12-07', 'Ebéd - Avanti', 1, 2, NULL, NULL, 6, -1300.00, 0.00, 1, 0),
(1177, '2012-04-12 01:47:22', '2011-12-08', 'Ebéd - KFC', 1, 2, NULL, NULL, 6, -1100.00, 0.00, 1, 0),
(1178, '2012-04-12 01:47:22', '2011-12-08', 'Ebéd - Avanti', 1, 2, NULL, NULL, 6, -1200.00, 0.00, 1, 0),
(1179, '2012-04-12 01:47:22', '2011-12-08', 'WC papír', 1, 2, NULL, NULL, 25, -275.00, 0.00, 1, 0),
(1180, '2012-04-12 01:47:22', '2011-12-08', 'Sör', 1, 2, NULL, NULL, 18, -305.00, 0.00, 1, 0),
(1181, '2012-04-12 01:47:22', '2011-12-09', 'Fodrász', 1, 2, NULL, NULL, 40, -1500.00, 0.00, 1, 0),
(1182, '2012-04-12 01:47:22', '2011-12-10', 'Ebéd - Avanti', 1, 2, NULL, NULL, 6, -1200.00, 0.00, 1, 0),
(1183, '2012-04-12 01:47:23', '2011-12-11', 'Sik', 1, 2, NULL, NULL, 41, -1580.00, 0.00, 1, 0),
(1184, '2012-04-12 01:47:23', '2011-12-11', 'Tesco', 1, 2, NULL, NULL, 18, -4775.00, 0.00, 1, 0),
(1185, '2012-04-12 01:47:23', '2011-12-12', 'Ebéd - Avanti', 1, 2, NULL, NULL, 6, -1180.00, 0.00, 1, 0),
(1186, '2012-04-12 01:47:23', '2011-12-14', 'Ebéd - Avanti', 1, 2, NULL, NULL, 6, -1180.00, 0.00, 1, 0),
(1187, '2012-04-12 01:47:23', '2011-12-14', 'Kisbolt', 1, 2, NULL, NULL, 18, -545.00, 0.00, 1, 0),
(1188, '2012-04-12 01:47:23', '2011-12-14', 'Payment To: Habostorta Kft.', 1, 4, NULL, NULL, 43, -1140.00, 0.00, 1, 0),
(1189, '2012-04-12 01:47:24', '2011-12-15', 'BKV Bérlet', 1, 2, NULL, NULL, 21, -1850.00, 0.00, 1, 0),
(1190, '2012-04-12 01:47:24', '2011-12-15', 'Kisbolt', 1, 2, NULL, NULL, 18, -290.00, 0.00, 1, 0),
(1191, '2012-04-12 01:47:24', '2011-12-15', 'Ebéd - KFC', 1, 2, NULL, NULL, 6, -1100.00, 0.00, 1, 0),
(1192, '2012-04-12 01:47:24', '2011-12-16', 'Kisbolt', 1, 2, NULL, NULL, 18, -270.00, 0.00, 1, 0),
(1193, '2012-04-12 01:47:24', '2011-12-16', 'Közös költség', 1, 2, NULL, NULL, 30, -13000.00, 0.00, 1, 0),
(1194, '2012-04-12 01:47:24', '2011-12-17', 'BKV jegy', 1, 2, NULL, NULL, 21, -1280.00, 0.00, 1, 0),
(1195, '2012-04-12 01:47:25', '2011-12-18', 'Pénztárca', 1, 2, NULL, NULL, 7, -3990.00, 0.00, 1, 0),
(1196, '2012-04-12 01:47:25', '2011-12-18', 'Cipőápoló', 1, 2, NULL, NULL, 25, -1190.00, 0.00, 1, 0),
(1197, '2012-04-12 01:47:25', '2011-12-18', 'Vodafone', 1, 2, NULL, NULL, 23, -3000.00, 0.00, 1, 0),
(1198, '2012-04-12 01:47:25', '2011-12-18', 'Tesco', 1, 2, NULL, NULL, 18, -4840.00, 0.00, 1, 0),
(1199, '2012-04-12 01:47:25', '2011-12-18', 'Arcradír', 1, 2, NULL, NULL, 41, -980.00, 0.00, 1, 0),
(1200, '2012-04-12 01:47:25', '2011-12-18', 'Olajsütő', 1, 2, NULL, NULL, 50, -6490.00, 0.00, 1, 0),
(1201, '2012-04-12 01:47:25', '2011-12-19', 'Payment For: Janos Szolnoki', 1, 4, NULL, NULL, 50, -700.00, 0.00, 1, 0),
(1202, '2012-04-12 01:47:26', '2011-12-20', 'Reggeli - Pékség', 1, 1, NULL, NULL, 19, -4600.00, 0.00, 1, 0),
(1203, '2012-04-12 01:47:26', '2011-12-21', 'Tesco', 1, 2, NULL, NULL, 18, -650.00, 0.00, 1, 0),
(1204, '2012-04-12 01:47:26', '2011-12-21', 'Sik', 1, 2, NULL, NULL, 41, -1580.00, 0.00, 1, 0),
(1205, '2012-04-12 01:47:26', '2011-12-21', 'Kesztyű', 1, 2, NULL, NULL, 7, -2400.00, 0.00, 1, 0),
(1206, '2012-04-12 01:47:26', '2011-12-21', 'Karácsonyi ajándékok + csomagolás', 1, 2, NULL, NULL, 50, -4350.00, 0.00, 1, 0),
(1207, '2012-04-12 01:47:26', '2011-12-22', 'Lepedő, ágynemű', 1, 2, NULL, NULL, 28, -6180.00, 0.00, 1, 0),
(1208, '2012-04-12 01:47:27', '2011-12-22', 'Vacsora - Pizza', 1, 2, NULL, NULL, 20, -1300.00, 0.00, 1, 0),
(1209, '2012-04-12 01:47:27', '2011-12-22', 'Prémium', 2, 1, NULL, NULL, 12, 35000.00, 0.00, 1, 0),
(1210, '2012-04-12 01:47:27', '2011-12-23', 'Farmer', 1, 2, NULL, NULL, 7, -6990.00, 0.00, 1, 0),
(1211, '2012-04-12 01:47:27', '2011-12-23', 'Ebéd - KFC', 1, 2, NULL, NULL, 6, -1300.00, 0.00, 1, 0),
(1212, '2012-04-12 01:47:27', '2011-12-23', 'Vacsora - Pizza', 1, 2, NULL, NULL, 20, -1400.00, 0.00, 1, 0),
(1213, '2012-04-12 01:47:27', '2011-12-23', 'Internet', 1, 2, NULL, NULL, 39, -5225.00, 0.00, 1, 0),
(1214, '2012-04-12 01:47:27', '2011-12-26', 'Taxi', 1, 2, NULL, NULL, 21, -2600.00, 0.00, 1, 0),
(1215, '2012-04-12 01:47:28', '2011-12-26', 'Vonatjegy', 1, 2, NULL, NULL, 21, -1650.00, 0.00, 1, 0),
(1216, '2012-04-12 01:47:28', '2011-12-26', 'To savings', 3, 1, 1217, 6, 13, -40000.00, 0.00, 1, 0),
(1217, '2012-04-12 01:47:28', '2011-12-26', 'To savings', 3, 6, NULL, NULL, 13, 40000.00, 0.00, 1, 0),
(1218, '2012-04-12 01:47:28', '2011-12-27', 'Reggeli - Kisbolt', 1, 2, NULL, NULL, 19, -215.00, 0.00, 1, 0),
(1219, '2012-04-12 01:47:28', '2011-12-27', 'Ebéd - Avanti', 1, 2, NULL, NULL, 6, -1400.00, 0.00, 1, 0),
(1220, '2012-04-12 01:47:29', '2011-12-27', 'Adri Szamosi kávézó', 1, 2, NULL, NULL, 47, -1000.00, 0.00, 1, 0),
(1221, '2012-04-12 01:47:29', '2011-12-27', 'Marcipán', 1, 2, NULL, NULL, 18, -735.00, 0.00, 1, 0),
(1222, '2012-04-12 01:47:29', '2011-12-27', 'Vacsora - KFC', 1, 2, NULL, NULL, 20, -1100.00, 0.00, 1, 0),
(1223, '2012-04-12 01:47:29', '2011-12-28', 'Reggeli - Kisbolt', 1, 2, NULL, NULL, 19, -205.00, 0.00, 1, 0),
(1224, '2012-04-12 01:47:29', '2011-12-28', 'Vacsora - Pizza', 1, 2, NULL, NULL, 20, -1400.00, 0.00, 1, 0),
(1225, '2012-04-12 01:47:29', '2011-12-29', 'Coldrex', 1, 2, NULL, NULL, 22, -1430.00, 0.00, 1, 0),
(1226, '2012-04-12 01:47:29', '2011-12-29', 'Ebéd - Don Pepe', 1, 2, NULL, NULL, 6, -1350.00, 0.00, 1, 0),
(1227, '2012-04-12 01:47:30', '2011-12-29', 'Tesco', 1, 2, NULL, NULL, 18, -560.00, 0.00, 1, 0),
(1228, '2012-04-12 01:47:30', '2011-12-30', 'Villanyszámla', 1, 2, NULL, NULL, 36, -4175.00, 0.00, 1, 0),
(1229, '2012-04-12 01:47:30', '2011-12-30', 'Reggeli - Kisbolt', 1, 2, NULL, NULL, 19, -270.00, 0.00, 1, 0),
(1230, '2012-04-12 01:47:30', '2011-12-30', 'Ebéd - Menü Étterem', 1, 2, NULL, NULL, 6, -715.00, 0.00, 1, 0),
(1231, '2012-04-12 01:47:30', '2011-12-30', 'Tesco', 1, 2, NULL, NULL, 18, -2320.00, 0.00, 1, 0),
(1232, '2012-04-12 01:47:31', '2011-12-30', 'Wc papír, Spray', 1, 2, NULL, NULL, 41, -2820.00, 0.00, 1, 0),
(1233, '2012-04-12 01:47:31', '2011-12-30', 'Papírtörlő', 1, 2, NULL, NULL, 25, -260.00, 0.00, 1, 0),
(1234, '2012-04-12 01:47:31', '2011-12-30', 'Pezsgő', 1, 2, NULL, NULL, 38, -750.00, 0.00, 1, 0),
(1235, '2012-04-12 01:47:31', '2011-12-30', 'To wallet', 3, 1, 1236, 2, 9, -10000.00, 0.00, 1, 0),
(1236, '2012-04-12 01:47:31', '2011-12-30', 'To wallet', 3, 2, NULL, NULL, 9, 10000.00, 0.00, 1, 0),
(1237, '2012-04-12 01:47:32', '2011-12-31', 'Szilveszterre rágcsa', 1, 2, NULL, NULL, 38, -875.00, 0.00, 1, 0),
(1238, '2012-04-12 01:47:32', '2011-12-31', 'Kisbolt', 1, 2, NULL, NULL, 18, -1135.00, 0.00, 1, 0),
(1239, '2012-04-12 01:47:32', '2011-12-31', 'Zsebkendő', 1, 2, NULL, NULL, 41, -100.00, 0.00, 1, 0),
(1240, '2012-04-12 01:47:32', '2011-12-31', 'To wallet', 3, 1, 1241, 2, 9, -10000.00, 0.00, 1, 0),
(1241, '2012-04-12 01:47:32', '2011-12-31', 'To wallet', 3, 2, NULL, NULL, 9, 10000.00, 0.00, 1, 0),
(1242, '2012-04-12 01:47:33', '2012-01-01', 'Vacsora - Pizza', 1, 2, NULL, NULL, 20, -1400.00, 0.00, 1, 0),
(1243, '2012-04-12 01:47:33', '2012-01-01', 'Ebéd - Avanti', 1, 2, NULL, NULL, 6, -1200.00, 0.00, 1, 0),
(1244, '2012-04-12 01:47:33', '2012-01-02', 'To OTP', 3, 2, 1245, 13, 11, -10000.00, 0.00, 1, 0),
(1245, '2012-04-12 01:47:33', '2012-01-02', 'To OTP', 3, 13, NULL, NULL, 11, 10000.00, 0.00, 1, 0),
(1246, '2012-04-12 01:47:33', '2012-01-02', 'Steam: Portal 2', 1, 4, NULL, NULL, 49, -1842.00, 0.00, 1, 0),
(1247, '2012-04-12 01:47:34', '2012-01-02', 'Transfer From: Credit Card', 3, 13, 1248, 4, 44, -1759.00, 0.00, 1, 0),
(1248, '2012-04-12 01:47:34', '2012-01-02', 'Transfer From: Credit Card', 3, 4, NULL, NULL, 44, 1759.00, 0.00, 1, 0),
(1249, '2012-04-12 01:47:34', '2012-01-02', 'From savings', 3, 6, 1250, 2, 34, -10000.00, 0.00, 1, 0),
(1250, '2012-04-12 01:47:34', '2012-01-02', 'From savings', 3, 2, NULL, NULL, 34, 10000.00, 0.00, 1, 0),
(1251, '2012-04-12 01:47:35', '2012-01-03', 'Reggeli - Pékség', 1, 2, NULL, NULL, 19, -200.00, 0.00, 1, 0),
(1252, '2012-04-12 01:47:35', '2012-01-03', 'Ebéd - Avanti', 1, 2, NULL, NULL, 6, -1500.00, 0.00, 1, 0),
(1253, '2012-04-12 01:47:35', '2012-01-03', 'Vacsora - Pizza', 1, 2, NULL, NULL, 20, -1600.00, 0.00, 1, 0),
(1254, '2012-04-12 01:47:35', '2012-01-04', 'Reggeli - Pékség', 1, 2, NULL, NULL, 19, -395.00, 0.00, 1, 0),
(1255, '2012-04-12 01:47:35', '2012-01-04', 'Ebéd - Don Pepe', 1, 2, NULL, NULL, 6, -1220.00, 0.00, 1, 0),
(1256, '2012-04-12 01:47:35', '2012-01-04', 'Vacsora - Kínai', 1, 2, NULL, NULL, 20, -680.00, 0.00, 1, 0),
(1257, '2012-04-12 01:47:36', '2012-01-04', 'Vacsora - Pizza', 1, 2, NULL, NULL, 20, -1350.00, 0.00, 1, 0),
(1258, '2012-04-12 01:47:36', '2012-01-05', 'To savings', 3, 1, 1259, 6, 13, -50000.00, 0.00, 1, 0),
(1259, '2012-04-12 01:47:36', '2012-01-05', 'To savings', 3, 6, NULL, NULL, 13, 50000.00, 0.00, 1, 0),
(1260, '2012-04-12 01:47:36', '2012-01-05', 'Fizetés', 2, 1, NULL, NULL, 10, 192400.00, 0.00, 1, 0),
(1261, '2012-04-12 01:47:36', '2012-01-05', 'Kifizetetlen szabadság', 2, 1, NULL, NULL, 48, 27600.00, 0.00, 1, 0),
(1262, '2012-04-12 01:47:36', '2012-01-05', 'BKV Bérlet', 1, 2, NULL, NULL, 21, -3850.00, 0.00, 1, 0),
(1263, '2012-04-12 01:47:37', '2012-01-05', 'To wallet', 3, 1, 1264, 2, 9, -20000.00, 0.00, 1, 0),
(1264, '2012-04-12 01:47:37', '2012-01-05', 'To wallet', 3, 2, NULL, NULL, 9, 20000.00, 0.00, 1, 0),
(1265, '2012-04-12 01:47:37', '2012-01-05', 'Reggeli - Pékség', 1, 2, NULL, NULL, 19, -405.00, 0.00, 1, 0),
(1266, '2012-04-12 01:47:37', '2012-01-05', 'Vacsora - Avanti', 1, 2, NULL, NULL, 20, -1300.00, 0.00, 1, 0),
(1267, '2012-04-12 01:47:37', '2012-01-06', 'Reggeli - Metrós pékség', 1, 2, NULL, NULL, 19, -660.00, 0.00, 1, 0),
(1268, '2012-04-12 01:47:38', '2012-01-06', 'Ebéd - Don Pepe', 1, 2, NULL, NULL, 6, -680.00, 0.00, 1, 0),
(1269, '2012-04-12 01:47:38', '2012-01-06', 'Kávé suliban', 1, 2, NULL, NULL, 47, -70.00, 0.00, 1, 0),
(1270, '2012-04-12 01:47:38', '2012-01-06', 'Vacsora - Kisbolt', 1, 2, NULL, NULL, 20, -525.00, 0.00, 1, 0),
(1271, '2012-04-12 01:47:38', '2012-01-06', 'Vacsora - Avanti', 1, 2, NULL, NULL, 20, -1300.00, 0.00, 1, 0),
(1272, '2012-04-12 01:47:38', '2012-01-07', 'Lakbér', 1, 1, NULL, NULL, 27, -55000.00, 0.00, 1, 0),
(1273, '2012-04-12 01:47:38', '2012-01-07', 'Vacsora - Pizza', 1, 2, NULL, NULL, 20, -1400.00, 0.00, 1, 0),
(1274, '2012-04-12 01:47:38', '2012-01-07', 'To wallet', 3, 1, 1275, 2, 9, -5000.00, 0.00, 1, 0),
(1275, '2012-04-12 01:47:38', '2012-01-07', 'To wallet', 3, 2, NULL, NULL, 9, 5000.00, 0.00, 1, 0),
(1276, '2012-04-12 01:47:39', '2012-01-07', 'Taxi', 1, 2, NULL, NULL, 46, -2800.00, 0.00, 1, 0),
(1277, '2012-04-12 01:47:39', '2012-01-07', 'Whiskey', 1, 2, NULL, NULL, 38, -1000.00, 0.00, 1, 0),
(1278, '2012-04-12 01:47:39', '2012-01-07', 'Beugró', 1, 2, NULL, NULL, 38, -1500.00, 0.00, 1, 0),
(1279, '2012-04-12 01:47:39', '2012-01-08', 'Koktél', 1, 2, NULL, NULL, 38, -2000.00, 0.00, 1, 0),
(1280, '2012-04-12 01:47:40', '2012-01-08', 'Ruhatár', 1, 2, NULL, NULL, 38, -200.00, 0.00, 1, 0),
(1281, '2012-04-12 01:47:40', '2012-01-08', 'To wallet', 3, 1, 1282, 2, 9, -10000.00, 0.00, 1, 0),
(1282, '2012-04-12 01:47:40', '2012-01-08', 'To wallet', 3, 2, NULL, NULL, 9, 10000.00, 0.00, 1, 0),
(1283, '2012-04-12 01:47:40', '2012-01-08', 'Ebéd - Avanti', 1, 2, NULL, NULL, 6, -1300.00, 0.00, 1, 0),
(1284, '2012-04-12 01:47:41', '2012-01-08', 'Vacsora - Pizza', 1, 2, NULL, NULL, 20, -1500.00, 0.00, 1, 0),
(1285, '2012-04-12 01:47:41', '2012-01-09', 'Rheumon gél', 1, 2, NULL, NULL, 22, -1050.00, 0.00, 1, 0),
(1286, '2012-04-12 01:47:41', '2012-01-09', 'Tesco', 1, 2, NULL, NULL, 18, -4345.00, 0.00, 1, 0),
(1287, '2012-04-12 01:47:41', '2012-01-09', 'Ebéd - Don Pepe', 1, 2, NULL, NULL, 6, -1120.00, 0.00, 1, 0),
(1288, '2012-04-12 01:47:41', '2012-01-10', 'Zolinak nasiért', 1, 2, NULL, NULL, 18, -500.00, 0.00, 1, 0),
(1289, '2012-04-12 01:47:41', '2012-01-10', 'Vacsora - Kisbolt', 1, 2, NULL, NULL, 20, -405.00, 0.00, 1, 0),
(1290, '2012-04-12 01:47:42', '2012-01-11', 'Reggeli - Pékség', 1, 2, NULL, NULL, 19, -200.00, 0.00, 1, 0),
(1291, '2012-04-12 01:47:42', '2012-01-11', 'Matekjegyzet nyomtatás', 1, 2, NULL, NULL, 37, -870.00, 0.00, 1, 0),
(1292, '2012-04-12 01:47:42', '2012-01-11', 'Ebéd - KFC', 1, 2, NULL, NULL, 6, -1300.00, 0.00, 1, 0),
(1293, '2012-04-12 01:47:42', '2012-01-12', 'Reggeli - Pékség', 1, 2, NULL, NULL, 19, -200.00, 0.00, 1, 0),
(1294, '2012-04-12 01:47:42', '2012-01-12', 'Ebéd - Don Pepe', 1, 2, NULL, NULL, 6, -1200.00, 0.00, 1, 0),
(1295, '2012-04-12 01:47:42', '2012-01-12', 'Iwebs office (cukor, tej)', 1, 2, NULL, NULL, 26, -345.00, 0.00, 1, 0),
(1296, '2012-04-12 01:47:42', '2012-01-12', 'To wallet', 3, 1, 1297, 2, 9, -20000.00, 0.00, 1, 0),
(1297, '2012-04-12 01:47:42', '2012-01-12', 'To wallet', 3, 2, NULL, NULL, 9, 20000.00, 0.00, 1, 0),
(1298, '2012-04-12 01:47:43', '2012-01-12', 'Pároló', 1, 2, NULL, NULL, 31, -4990.00, 0.00, 1, 0),
(1299, '2012-04-12 01:47:43', '2012-01-12', 'Sik', 1, 2, NULL, NULL, 41, -1605.00, 0.00, 1, 0),
(1300, '2012-04-12 01:47:43', '2012-01-12', 'Borotva szett', 1, 2, NULL, NULL, 41, -3015.00, 0.00, 1, 0),
(1301, '2012-04-12 01:47:44', '2012-01-12', 'Tesco', 1, 2, NULL, NULL, 18, -1265.00, 0.00, 1, 0),
(1302, '2012-04-12 01:47:44', '2012-01-13', 'Reggeli - Pékség', 1, 2, NULL, NULL, 19, -200.00, 0.00, 1, 0),
(1303, '2012-04-12 01:47:44', '2012-01-13', 'Vacsora - Pizza', 1, 2, NULL, NULL, 20, -1500.00, 0.00, 1, 0),
(1304, '2012-04-12 01:47:44', '2012-01-13', 'Vodafone', 1, 13, NULL, NULL, 23, -3000.00, 0.00, 1, 0),
(1305, '2012-04-12 01:47:44', '2012-01-14', 'Vacsora - Pizza', 1, 2, NULL, NULL, 20, -1000.00, 0.00, 1, 0),
(1306, '2012-04-12 01:47:45', '2012-01-15', 'Kisbolt', 1, 2, NULL, NULL, 18, -2330.00, 0.00, 1, 0),
(1307, '2012-04-12 01:47:45', '2012-01-16', 'Ebéd - Don Pepe', 1, 2, NULL, NULL, 6, -820.00, 0.00, 1, 0),
(1308, '2012-04-12 01:47:45', '2012-01-16', 'To wallet', 3, 1, 1309, 2, 9, -30000.00, 0.00, 1, 0),
(1309, '2012-04-12 01:47:45', '2012-01-16', 'To wallet', 3, 2, NULL, NULL, 9, 30000.00, 0.00, 1, 0),
(1310, '2012-04-12 01:47:45', '2012-01-16', 'Vacsora - KFC', 1, 2, NULL, NULL, 20, -100.00, 0.00, 1, 0),
(1311, '2012-04-12 01:47:46', '2012-01-17', 'Reggeli - Pékség', 1, 2, NULL, NULL, 19, -360.00, 0.00, 1, 0),
(1312, '2012-04-12 01:47:46', '2012-01-17', 'Ebéd - Avanti', 1, 2, NULL, NULL, 6, -1300.00, 0.00, 1, 0),
(1313, '2012-04-12 01:47:46', '2012-01-17', 'Vacsora - Kisbolt', 1, 2, NULL, NULL, 20, -345.00, 0.00, 1, 0),
(1314, '2012-04-12 01:47:46', '2012-01-18', 'Reggeli - Pékség', 1, 2, NULL, NULL, 19, -200.00, 0.00, 1, 0),
(1315, '2012-04-12 01:47:46', '2012-01-18', 'Ebéd - Don Pepe', 1, 2, NULL, NULL, 6, -735.00, 0.00, 1, 0),
(1316, '2012-04-12 01:47:47', '2012-01-18', 'Sapka', 1, 2, NULL, NULL, 7, -1800.00, 0.00, 1, 0),
(1317, '2012-04-12 01:47:47', '2012-01-18', 'Tesco', 1, 2, NULL, NULL, 18, -160.00, 0.00, 1, 0),
(1318, '2012-04-12 01:47:47', '2012-01-18', 'Iwebs Office - Szemeteszsák', 1, 2, NULL, NULL, 26, -560.00, 0.00, 1, 0),
(1319, '2012-04-12 01:47:47', '2012-01-18', 'Vacsora - Pizza', 1, 2, NULL, NULL, 20, -1400.00, 0.00, 1, 0),
(1320, '2012-04-12 01:47:47', '2012-01-19', 'Reggeli - Pékség', 1, 2, NULL, NULL, 19, -200.00, 0.00, 1, 0),
(1321, '2012-04-12 01:47:47', '2012-01-19', 'Ebéd - Star Kebab', 1, 2, NULL, NULL, 6, -1450.00, 0.00, 1, 0),
(1322, '2012-04-12 01:47:48', '2012-01-19', 'Vacsora - Pizza', 1, 2, NULL, NULL, 20, -1500.00, 0.00, 1, 0),
(1323, '2012-04-12 01:47:48', '2012-01-20', 'Reggeli - Pékség', 1, 2, NULL, NULL, 19, -220.00, 0.00, 1, 0),
(1324, '2012-04-12 01:47:48', '2012-01-20', 'Vacsora - Pizza', 1, 2, NULL, NULL, 20, -1400.00, 0.00, 1, 0),
(1325, '2012-04-12 01:47:48', '2012-01-20', 'Eseti költségek', 1, 13, NULL, NULL, 45, -204.00, 0.00, 1, 0),
(1326, '2012-04-12 01:47:49', '2012-01-21', 'Spray', 1, 2, NULL, NULL, 41, -810.00, 0.00, 1, 0),
(1327, '2012-04-12 01:47:49', '2012-01-21', 'Tesco', 1, 2, NULL, NULL, 18, -5170.00, 0.00, 1, 0),
(1328, '2012-04-12 01:47:49', '2012-01-21', 'Fenivir', 1, 2, NULL, NULL, 22, -1140.00, 0.00, 1, 0),
(1329, '2012-04-12 01:47:49', '2012-01-23', 'Vacsora - Pizza', 1, 2, NULL, NULL, 20, -1400.00, 0.00, 1, 0),
(1330, '2012-04-12 01:47:49', '2012-01-23', 'Reggeli - Pékség', 1, 2, NULL, NULL, 19, -295.00, 0.00, 1, 0),
(1331, '2012-04-12 01:47:49', '2012-01-23', 'From Savings', 3, 6, 1332, 2, 34, -20000.00, 0.00, 1, 0),
(1332, '2012-04-12 01:47:49', '2012-01-23', 'From Savings', 3, 2, NULL, NULL, 34, 20000.00, 0.00, 1, 0),
(1333, '2012-04-12 01:47:50', '2012-01-23', 'Netptun pótvizsga', 1, 13, NULL, NULL, 37, -2000.00, 0.00, 1, 0),
(1334, '2012-04-12 01:47:50', '2012-01-24', 'Reggeli - Pékség', 1, 2, NULL, NULL, 19, -370.00, 0.00, 1, 0),
(1335, '2012-04-12 01:47:50', '2012-01-25', 'Közöskötség', 1, 2, NULL, NULL, 30, -13000.00, 0.00, 1, 0),
(1336, '2012-04-12 01:47:50', '2012-01-25', 'Internet', 1, 2, NULL, NULL, 39, -6475.00, 0.00, 1, 0),
(1337, '2012-04-12 01:47:50', '2012-01-25', 'Currency Conversion (Debit) From Hungarian Forint: To U.S. Dollar', 1, 4, NULL, NULL, 43, -1413.00, 0.00, 1, 0),
(1338, '2012-04-12 01:47:51', '2012-01-25', 'Reggeli - Pékség', 1, 2, NULL, NULL, 19, -200.00, 0.00, 1, 0),
(1339, '2012-04-12 01:47:51', '2012-01-25', 'Kisbolt', 1, 2, NULL, NULL, 18, -1195.00, 0.00, 1, 0),
(1340, '2012-04-12 01:47:51', '2012-01-25', 'Ebéd - KFC', 1, 2, NULL, NULL, 6, -1100.00, 0.00, 1, 0),
(1341, '2012-04-12 01:47:51', '2012-01-25', 'To OTP', 3, 2, 1342, 13, 11, -5000.00, 0.00, 1, 0),
(1342, '2012-04-12 01:47:51', '2012-01-25', 'To OTP', 3, 13, NULL, NULL, 11, 5000.00, 0.00, 1, 0),
(1343, '2012-04-12 01:47:52', '2012-01-25', 'To Wallet', 3, 1, 1344, 2, 9, -30000.00, 0.00, 1, 0),
(1344, '2012-04-12 01:47:52', '2012-01-25', 'To Wallet', 3, 2, NULL, NULL, 9, 30000.00, 0.00, 1, 0),
(1345, '2012-04-12 01:47:52', '2012-01-25', 'Transfer From: Credit Card', 3, 13, 1346, 4, 44, -1413.00, 0.00, 1, 0),
(1346, '2012-04-12 01:47:52', '2012-01-25', 'Transfer From: Credit Card', 3, 4, NULL, NULL, 44, 1413.00, 0.00, 1, 0),
(1347, '2012-04-12 01:47:52', '2012-01-26', 'Vacsora - Pizza', 1, 2, NULL, NULL, 20, -1400.00, 0.00, 1, 0),
(1348, '2012-04-12 01:47:53', '2012-01-26', 'Reggeli - Pékség', 1, 2, NULL, NULL, 19, -395.00, 0.00, 1, 0),
(1349, '2012-04-12 01:47:53', '2012-01-26', 'Ebéd - Star Kebab', 1, 2, NULL, NULL, 6, -1100.00, 0.00, 1, 0),
(1350, '2012-04-12 01:47:53', '2012-01-27', 'Gyógyszerek', 1, 2, NULL, NULL, 22, -2530.00, 0.00, 1, 0),
(1351, '2012-04-12 01:47:53', '2012-01-28', 'Vacsora - Pizza', 1, 2, NULL, NULL, 20, -1400.00, 0.00, 1, 0),
(1352, '2012-04-12 01:47:53', '2012-01-28', 'Vacsora - Avanti', 1, 2, NULL, NULL, 20, -1300.00, 0.00, 1, 0),
(1353, '2012-04-12 01:47:53', '2012-01-29', 'Payment To: Habostorta Kft.', 1, 4, NULL, NULL, 43, -4160.00, 0.00, 1, 0),
(1354, '2012-04-12 01:47:54', '2012-01-29', 'Tusfürdő, fogkrém', 1, 2, NULL, NULL, 41, -970.00, 0.00, 1, 0),
(1355, '2012-04-12 01:47:54', '2012-01-29', 'Tesco', 1, 2, NULL, NULL, 18, -3220.00, 0.00, 1, 0),
(1356, '2012-04-12 01:47:54', '2012-01-29', 'Transfer From: Credit Card', 3, 13, 1357, 4, 44, -4160.00, 0.00, 1, 0),
(1357, '2012-04-12 01:47:54', '2012-01-29', 'Transfer From: Credit Card', 3, 4, NULL, NULL, 44, 4160.00, 0.00, 1, 0),
(1358, '2012-04-12 01:47:54', '2012-01-30', 'Villanyszámla', 1, 2, NULL, NULL, 36, -4830.00, 0.00, 1, 0),
(1359, '2012-04-12 01:47:54', '2012-01-30', 'Ebéd - Star Kebab', 1, 2, NULL, NULL, 6, -1000.00, 0.00, 1, 0),
(1360, '2012-04-12 01:47:55', '2012-01-30', 'Vacsora - Kisbolt', 1, 2, NULL, NULL, 20, -250.00, 0.00, 1, 0),
(1361, '2012-04-12 01:47:55', '2012-01-31', 'Reggeli - Pékség', 1, 2, NULL, NULL, 19, -495.00, 0.00, 1, 0),
(1362, '2012-04-12 01:47:55', '2012-01-31', 'Neocitran', 1, 2, NULL, NULL, 22, -1790.00, 0.00, 1, 0),
(1363, '2012-04-12 01:47:55', '2012-01-31', 'Balance', 1, 2, NULL, NULL, 35, -9835.00, 0.00, 1, 0),
(1364, '2012-04-12 01:47:55', '2012-02-01', 'Reggeli - Pékség', 1, 2, NULL, NULL, 19, -300.00, 0.00, 1, 0),
(1365, '2012-04-12 01:47:55', '2012-02-02', 'Tesco', 1, 2, NULL, NULL, 18, -2605.00, 0.00, 1, 0),
(1366, '2012-04-12 01:47:56', '2012-02-02', 'Ebéd (Gerinek is..)', 1, 2, NULL, NULL, 6, -1850.00, 0.00, 1, 0),
(1367, '2012-04-12 01:47:56', '2012-02-04', 'Vacsora - Pizza', 1, 2, NULL, NULL, 20, -1400.00, 0.00, 1, 0),
(1368, '2012-04-12 01:47:56', '2012-02-05', 'Fizetés', 2, 1, NULL, NULL, 10, 205000.00, 0.00, 1, 0),
(1369, '2012-04-12 01:47:56', '2012-02-05', 'Kisbolt', 1, 2, NULL, NULL, 18, -2180.00, 0.00, 1, 0),
(1370, '2012-04-12 01:47:56', '2012-02-05', 'To wallet', 3, 1, 1371, 2, 9, -10000.00, 0.00, 1, 0),
(1371, '2012-04-12 01:47:56', '2012-02-05', 'To wallet', 3, 2, NULL, NULL, 9, 10000.00, 0.00, 1, 0),
(1372, '2012-04-12 01:47:57', '2012-02-05', 'To wallet', 3, 1, 1373, 2, 9, -50000.00, 0.00, 1, 0),
(1373, '2012-04-12 01:47:57', '2012-02-05', 'To wallet', 3, 2, NULL, NULL, 9, 50000.00, 0.00, 1, 0),
(1374, '2012-04-12 01:47:57', '2012-02-05', 'Lakbér', 1, 2, NULL, NULL, 27, -55000.00, 0.00, 1, 0),
(1375, '2012-04-12 01:47:57', '2012-02-05', 'To savings', 3, 1, 1376, 6, 13, -20000.00, 0.00, 1, 0),
(1376, '2012-04-12 01:47:57', '2012-02-05', 'To savings', 3, 6, NULL, NULL, 13, 20000.00, 0.00, 1, 0),
(1377, '2012-04-12 01:47:58', '2012-02-05', 'Randi VIP', 1, 13, NULL, NULL, 43, -1000.00, 0.00, 1, 0),
(1378, '2012-04-12 01:47:58', '2012-02-05', 'To savings', 3, 1, 1379, 6, 13, -50000.00, 0.00, 1, 0),
(1379, '2012-04-12 01:47:58', '2012-02-05', 'To savings', 3, 6, NULL, NULL, 13, 50000.00, 0.00, 1, 0),
(1380, '2012-04-12 01:47:58', '2012-02-06', 'Reggeli - Pékség', 1, 2, NULL, NULL, 19, -300.00, 0.00, 1, 0),
(1381, '2012-04-12 01:47:58', '2012-02-07', 'Reggeli - Pékség', 1, 2, NULL, NULL, 19, -300.00, 0.00, 1, 0),
(1382, '2012-04-12 01:47:59', '2012-02-07', 'Vacsora - Kisbolt', 1, 2, NULL, NULL, 20, -1385.00, 0.00, 1, 0),
(1383, '2012-04-12 01:47:59', '2012-02-08', 'Díjbeszedő', 1, 2, NULL, NULL, 42, -6145.00, 0.00, 1, 0),
(1384, '2012-04-12 01:47:59', '2012-02-08', 'Közös költség', 1, 2, NULL, NULL, 30, -14500.00, 0.00, 1, 0),
(1385, '2012-04-12 01:47:59', '2012-02-08', 'Ebéd - KFC', 1, 2, NULL, NULL, 6, -1130.00, 0.00, 1, 0),
(1386, '2012-04-12 01:47:59', '2012-02-08', 'To wallet', 3, 1, 1387, 2, 9, -30000.00, 0.00, 1, 0),
(1387, '2012-04-12 01:47:59', '2012-02-08', 'To wallet', 3, 2, NULL, NULL, 9, 30000.00, 0.00, 1, 0),
(1388, '2012-04-12 01:48:00', '2012-02-08', 'Reggeli - Pékség', 1, 2, NULL, NULL, 19, -200.00, 0.00, 1, 0),
(1389, '2012-04-12 01:48:00', '2012-02-09', 'Reggeli - Pékség', 1, 2, NULL, NULL, 19, -415.00, 0.00, 1, 0),
(1390, '2012-04-12 01:48:00', '2012-02-10', 'To OTP', 3, 2, 1391, 13, 11, -1065.00, 0.00, 1, 0),
(1391, '2012-04-12 01:48:00', '2012-02-10', 'To OTP', 3, 13, NULL, NULL, 11, 1065.00, 0.00, 1, 0),
(1392, '2012-04-12 01:48:01', '2012-02-10', 'Kisbolt', 1, 2, NULL, NULL, 18, -360.00, 0.00, 1, 0),
(1393, '2012-04-12 01:48:01', '2012-02-12', 'Tesco', 1, 2, NULL, NULL, 18, -4950.00, 0.00, 1, 0),
(1394, '2012-04-12 01:48:01', '2012-02-12', 'Tusfürdő, spray', 1, 2, NULL, NULL, 41, -1390.00, 0.00, 1, 0),
(1395, '2012-04-12 01:48:01', '2012-02-13', 'BKV Bérlet', 1, 2, NULL, NULL, 21, -3850.00, 0.00, 1, 0),
(1396, '2012-04-12 01:48:02', '2012-02-13', 'Vacsora - KFC', 1, 2, NULL, NULL, 20, -1100.00, 0.00, 1, 0),
(1397, '2012-04-12 01:48:02', '2012-02-14', 'Vacsora - McDonalds', 1, 2, NULL, NULL, 20, -1510.00, 0.00, 1, 0),
(1398, '2012-04-12 01:48:02', '2012-02-14', 'Kisbolt', 1, 2, NULL, NULL, 18, -920.00, 0.00, 1, 0),
(1399, '2012-04-12 01:48:03', '2012-02-14', 'Kisbolt', 1, 2, NULL, NULL, 18, -395.00, 0.00, 1, 0),
(1400, '2012-04-12 01:48:03', '2012-02-15', 'Fodrász', 1, 2, NULL, NULL, 40, -2000.00, 0.00, 1, 0),
(1401, '2012-04-12 01:48:03', '2012-02-16', 'Kisbolt', 1, 2, NULL, NULL, 18, -190.00, 0.00, 1, 0),
(1402, '2012-04-12 01:48:03', '2012-02-16', 'Ebéd - Gyros', 1, 2, NULL, NULL, 6, -1020.00, 0.00, 1, 0),
(1403, '2012-04-12 01:48:03', '2012-02-18', 'KFC - Vacsora', 1, 2, NULL, NULL, 20, -1700.00, 0.00, 1, 0),
(1404, '2012-04-12 01:48:03', '2012-02-19', 'Kaja', 1, 2, NULL, NULL, 4, -4820.00, 0.00, 1, 0),
(1405, '2012-04-12 01:48:04', '2012-02-19', 'Kisbolt', 1, 2, NULL, NULL, 18, -2130.00, 0.00, 1, 0),
(1406, '2012-04-12 01:48:04', '2012-02-19', 'Gyógyszertár', 1, 2, NULL, NULL, 22, -1185.00, 0.00, 1, 0),
(1407, '2012-04-12 01:48:04', '2012-02-19', 'Tesco', 1, 2, NULL, NULL, 18, -5125.00, 0.00, 1, 0),
(1408, '2012-04-12 01:48:04', '2012-02-19', 'To wallet', 3, 1, 1409, 2, 9, -60000.00, 0.00, 1, 0),
(1409, '2012-04-12 01:48:04', '2012-02-19', 'To wallet', 3, 2, NULL, NULL, 9, 60000.00, 0.00, 1, 0),
(1410, '2012-04-12 01:48:05', '2012-02-21', 'Gyolóstoll', 1, 2, NULL, NULL, 37, -400.00, 0.00, 1, 0),
(1411, '2012-04-12 01:48:05', '2012-02-21', 'Tesco', 1, 2, NULL, NULL, 18, -845.00, 0.00, 1, 0),
(1412, '2012-04-12 01:48:05', '2012-02-22', 'Internet', 1, 2, NULL, NULL, 39, -6120.00, 0.00, 1, 0),
(1413, '2012-04-12 01:48:05', '2012-02-25', 'Pizza Zoliéknál', 1, 2, NULL, NULL, 20, -1800.00, 0.00, 1, 0),
(1414, '2012-04-12 01:48:05', '2012-02-25', 'Zoli party', 1, 2, NULL, NULL, 38, -1500.00, 0.00, 1, 0),
(1415, '2012-04-12 01:48:05', '2012-02-26', 'Füzet', 1, 2, NULL, NULL, 37, -1600.00, 0.00, 1, 0),
(1416, '2012-04-12 01:48:06', '2012-02-26', 'Tesco', 1, 2, NULL, NULL, 18, -4330.00, 0.00, 1, 0),
(1417, '2012-04-12 01:48:06', '2012-02-26', 'From savings', 3, 6, 1418, 1, 34, -30000.00, 0.00, 1, 0),
(1418, '2012-04-12 01:48:06', '2012-02-26', 'From savings', 3, 1, NULL, NULL, 34, 30000.00, 0.00, 1, 0),
(1419, '2012-04-12 01:48:06', '2012-02-27', 'Villanyszámla', 1, 2, NULL, NULL, 36, -4700.00, 0.00, 1, 0),
(1420, '2012-04-12 01:48:07', '2012-02-29', 'Kaja', 1, 2, NULL, NULL, 4, -9885.00, 0.00, 1, 0),
(1421, '2012-04-12 01:48:07', '2012-02-29', 'Balance', 1, 2, NULL, NULL, 35, -17730.00, 0.00, 1, 0),
(1422, '2012-04-12 01:48:07', '2012-03-03', 'From savings', 3, 6, 1423, 2, 34, -100000.00, 0.00, 1, 0),
(1423, '2012-04-12 01:48:07', '2012-03-03', 'From savings', 3, 2, NULL, NULL, 34, 100000.00, 0.00, 1, 0),
(1424, '2012-04-12 01:48:08', '2012-03-03', 'IKEA asztal', 1, 2, NULL, NULL, 33, -25000.00, 0.00, 1, 0),
(1425, '2012-04-12 01:48:08', '2012-03-03', 'IKEA szék', 1, 2, NULL, NULL, 33, -25000.00, 0.00, 1, 0),
(1426, '2012-04-12 01:48:08', '2012-03-03', 'IKEA egyéb', 1, 2, NULL, NULL, 33, -8500.00, 0.00, 1, 0),
(1427, '2012-04-12 01:48:08', '2012-03-03', 'Asztal elszállítás', 1, 2, NULL, NULL, 32, -2000.00, 0.00, 1, 0),
(1428, '2012-04-12 01:48:08', '2012-03-03', 'Házhozszállítás', 1, 2, NULL, NULL, 32, -5000.00, 0.00, 1, 0),
(1429, '2012-04-12 01:48:09', '2012-03-05', 'Fizetés', 2, 1, NULL, NULL, 10, 193000.00, 0.00, 1, 0),
(1430, '2012-04-12 01:48:09', '2012-03-05', 'To savings', 3, 1, 1431, 6, 13, -60000.00, 0.00, 1, 0),
(1431, '2012-04-12 01:48:09', '2012-03-05', 'To savings', 3, 6, NULL, NULL, 13, 60000.00, 0.00, 1, 0),
(1432, '2012-04-12 01:48:09', '2012-03-06', 'To wallet', 3, 1, 1433, 2, 9, -113000.00, 0.00, 1, 0),
(1433, '2012-04-12 01:48:09', '2012-03-06', 'To wallet', 3, 2, NULL, NULL, 9, 113000.00, 0.00, 1, 0),
(1434, '2012-04-12 01:48:10', '2012-03-06', 'Fülhallgató', 1, 2, NULL, NULL, 31, -11000.00, 0.00, 1, 0),
(1435, '2012-04-12 01:48:10', '2012-03-06', 'Fizetés', 2, 12, NULL, NULL, 10, 5000.00, 0.00, 1, 0);
INSERT INTO `transaction` (`id`, `created_at`, `date`, `description`, `transaction_type_id`, `account_id`, `transfer_transaction_id`, `to_account_id`, `category_id`, `amount`, `account_balance`, `transaction_status_id`, `deleted`) VALUES
(1436, '2012-04-12 01:48:10', '2012-03-07', 'To OTP', 3, 2, 1437, 13, 11, -15000.00, 0.00, 1, 0),
(1437, '2012-04-12 01:48:10', '2012-03-07', 'To OTP', 3, 13, NULL, NULL, 11, 15000.00, 0.00, 1, 0),
(1438, '2012-04-12 01:48:11', '2012-03-07', 'Közös költség', 1, 2, NULL, NULL, 30, -16000.00, 0.00, 1, 0),
(1439, '2012-04-12 01:48:11', '2012-03-07', 'Anyáéknak', 1, 2, NULL, NULL, 29, -20000.00, 0.00, 1, 0),
(1440, '2012-04-12 01:48:11', '2012-03-07', 'Csavarhúzó készlet', 1, 13, NULL, NULL, 28, -2490.00, 0.00, 1, 0),
(1441, '2012-04-12 01:48:12', '2012-03-07', 'Lakbér', 1, 2, NULL, NULL, 27, -55000.00, 0.00, 1, 0),
(1442, '2012-04-12 01:48:12', '2012-03-07', 'Kaja', 1, 2, NULL, NULL, 4, -8960.00, 0.00, 1, 0),
(1443, '2012-04-12 01:48:12', '2012-03-07', 'Iwebs office', 1, 2, NULL, NULL, 26, -840.00, 0.00, 1, 0),
(1444, '2012-04-12 01:48:12', '2012-03-07', 'Tisztítószerek', 1, 2, NULL, NULL, 25, -1685.00, 0.00, 1, 0),
(1445, '2012-04-12 01:48:12', '2012-03-07', 'Currency Conversion (Debit) From Hungarian Forint: To U.S. Dollar', 1, 13, NULL, NULL, 24, -1154.00, 0.00, 1, 0),
(1446, '2012-04-12 01:48:13', '2012-03-07', 'Vodafone', 1, 13, NULL, NULL, 23, -3000.00, 0.00, 1, 0),
(1447, '2012-04-12 01:48:13', '2012-03-08', 'Reggeli - Kisbolt', 1, 2, NULL, NULL, 19, -280.00, 0.00, 1, 0),
(1448, '2012-04-12 01:48:13', '2012-03-08', 'Ebéd - Don Pepe', 1, 2, NULL, NULL, 6, -150.00, 0.00, 1, 0),
(1449, '2012-04-12 01:48:13', '2012-03-08', 'Ebéd - Don Pepe', 1, 12, NULL, NULL, 6, -500.00, 0.00, 1, 0),
(1450, '2012-04-12 01:48:13', '2012-03-08', 'Kisbolt', 1, 2, NULL, NULL, 18, -1700.00, 0.00, 1, 0),
(1451, '2012-04-12 01:48:13', '2012-03-09', 'Ebéd - Don Pepe', 1, 12, NULL, NULL, 6, -1000.00, 0.00, 1, 0),
(1452, '2012-04-12 01:48:14', '2012-03-09', 'Ebéd - Don Pepe', 1, 2, NULL, NULL, 6, -40.00, 0.00, 1, 0),
(1453, '2012-04-12 01:48:14', '2012-03-09', 'Reggeli - Pékség', 1, 2, NULL, NULL, 19, -200.00, 0.00, 1, 0),
(1454, '2012-04-12 01:48:14', '2012-03-09', 'Kisbolt', 1, 2, NULL, NULL, 18, -850.00, 0.00, 1, 0),
(1455, '2012-04-12 01:48:14', '2012-03-10', '2 kroasszant', 1, 2, NULL, NULL, 18, -240.00, 0.00, 1, 0),
(1456, '2012-04-12 01:48:14', '2012-03-10', 'Vonatjegy haza', 1, 2, NULL, NULL, 21, -1680.00, 0.00, 1, 0),
(1457, '2012-04-12 01:48:15', '2012-03-10', 'Névnapra mamáéktól', 2, 2, NULL, NULL, 17, 3000.00, 0.00, 1, 0),
(1458, '2012-04-12 01:48:15', '2012-03-12', 'Reggeli - Kisbolt', 1, 2, NULL, NULL, 19, -135.00, 0.00, 1, 0),
(1459, '2012-04-12 01:48:15', '2012-03-12', 'Neocitran', 1, 2, NULL, NULL, 22, -1960.00, 0.00, 1, 0),
(1460, '2012-04-12 01:48:15', '2012-03-12', 'Ebéd - Don Pepe', 1, 2, NULL, NULL, 6, -1100.00, 0.00, 1, 0),
(1461, '2012-04-12 01:48:15', '2012-03-12', 'Vacsora - Kisbolt', 1, 2, NULL, NULL, 20, -955.00, 0.00, 1, 0),
(1462, '2012-04-12 01:48:15', '2012-03-13', 'Csoki', 1, 2, NULL, NULL, 18, -455.00, 0.00, 1, 0),
(1463, '2012-04-12 01:48:16', '2012-03-13', '2 buszjegy', 1, 2, NULL, NULL, 21, -640.00, 0.00, 1, 0),
(1464, '2012-04-12 01:48:16', '2012-03-13', 'Bérlet', 1, 2, NULL, NULL, 21, -3850.00, 0.00, 1, 0),
(1465, '2012-04-12 01:48:16', '2012-03-13', 'Vacsora - McDonalds', 1, 2, NULL, NULL, 20, -1550.00, 0.00, 1, 0),
(1466, '2012-04-12 01:48:16', '2012-03-13', 'Fornetti', 1, 2, NULL, NULL, 20, -190.00, 0.00, 1, 0),
(1467, '2012-04-12 01:48:16', '2012-03-13', 'Ebéd - Don Pepe', 1, 12, NULL, NULL, 6, -1000.00, 0.00, 1, 0),
(1468, '2012-04-12 01:48:17', '2012-03-13', 'Ebéd - Don Pepe', 1, 2, NULL, NULL, 6, -100.00, 0.00, 1, 0),
(1469, '2012-04-12 01:48:17', '2012-03-13', 'To wallet', 3, 1, 1470, 2, 9, -10000.00, 0.00, 1, 0),
(1470, '2012-04-12 01:48:17', '2012-03-13', 'To wallet', 3, 2, NULL, NULL, 9, 10000.00, 0.00, 1, 0),
(1471, '2012-04-12 01:48:18', '2012-03-13', 'Reggeli - Pékség', 1, 2, NULL, NULL, 19, -185.00, 0.00, 1, 0),
(1472, '2012-04-12 01:48:18', '2012-03-14', 'Reggeli - Kisbolt', 1, 2, NULL, NULL, 19, -250.00, 0.00, 1, 0),
(1473, '2012-04-12 01:48:18', '2012-03-14', 'To wallet', 3, 1, 1474, 2, 9, -20000.00, 0.00, 1, 0),
(1474, '2012-04-12 01:48:18', '2012-03-14', 'To wallet', 3, 2, NULL, NULL, 9, 20000.00, 0.00, 1, 0),
(1475, '2012-04-12 01:48:18', '2012-03-14', 'Ebéd - Don Pepe', 1, 12, NULL, NULL, 6, -400.00, 0.00, 1, 0),
(1476, '2012-04-12 01:48:19', '2012-03-14', 'Ebéd - Don Pepe', 1, 2, NULL, NULL, 6, -565.00, 0.00, 1, 0),
(1477, '2012-04-12 01:48:19', '2012-03-14', 'Tesco', 1, 2, NULL, NULL, 18, -4630.00, 0.00, 1, 0),
(1478, '2012-04-12 01:48:19', '2012-03-14', 'Rövidnadrág', 1, 2, NULL, NULL, 7, -3400.00, 0.00, 1, 0),
(1479, '2012-04-12 01:48:19', '2012-03-31', 'Kaja', 1, 7, NULL, NULL, 4, 0.00, 0.00, 1, 0),
(1480, '2012-04-12 01:48:19', '2012-04-05', 'To savings', 3, 1, 1481, 6, 13, -50000.00, 0.00, 1, 0),
(1481, '2012-04-12 01:48:19', '2012-04-05', 'To savings', 3, 6, NULL, NULL, 13, 50000.00, 0.00, 1, 0),
(1482, '2012-04-12 02:01:54', '2010-12-09', 'Ebéd - Gyros tál', 1, 1, NULL, NULL, 6, -1200.00, 0.00, 1, 0),
(1483, '2012-07-15 18:18:22', '2012-07-15', 'Rendeltem Pizzát a Tescóból..', 1, 1, NULL, NULL, 3, -2400.00, 0.00, 1, 0),
(1484, '2012-07-25 16:22:37', '2012-07-25', 'Vacsora - Pizza', 1, 13, NULL, NULL, 20, -1350.00, 0.00, 1, 0),
(1485, '2012-09-22 11:15:02', '2012-09-22', 'Fizetés', 2, 15, NULL, NULL, 67, 100000.00, 0.00, 1, 0),
(1486, '2012-09-22 11:16:22', '2012-09-22', 'Albérlet', 1, 15, NULL, NULL, 68, -50000.00, 0.00, 1, 0),
(1487, '2012-09-22 11:16:53', '2012-09-22', 'Villanyszámla', 1, 15, NULL, NULL, 69, -5000.00, 0.00, 1, 0),
(1488, '2012-09-22 11:42:25', '2012-09-21', 'Könyv vásárlás', 1, 15, NULL, NULL, 71, -20000.00, 0.00, 1, 0),
(1489, '2012-09-22 11:43:23', '2012-09-22', 'Polc', 1, 15, NULL, NULL, 70, -10000.00, 0.00, 1, 0),
(1490, '2012-10-02 20:15:02', '2012-09-27', 'BKV Bérlet', 1, 15, NULL, NULL, 72, -9800.00, 0.00, 1, 0),
(1491, '2012-10-02 20:18:32', '2012-09-19', 'Vonatjegy', 1, 15, NULL, NULL, 73, -1600.00, 0.00, 1, 0);

-- --------------------------------------------------------

--
-- Table structure for table `transaction_status`
--

CREATE TABLE IF NOT EXISTS `transaction_status` (
  `id` tinyint(2) NOT NULL AUTO_INCREMENT,
  `name` varchar(50) NOT NULL,
  PRIMARY KEY (`id`)
) ENGINE=InnoDB  DEFAULT CHARSET=utf8 AUTO_INCREMENT=3 ;

--
-- Dumping data for table `transaction_status`
--

INSERT INTO `transaction_status` (`id`, `name`) VALUES
(1, 'Cleared'),
(2, 'Pending');

-- --------------------------------------------------------

--
-- Table structure for table `transaction_type`
--

CREATE TABLE IF NOT EXISTS `transaction_type` (
  `id` tinyint(2) NOT NULL AUTO_INCREMENT,
  `name` varchar(50) NOT NULL,
  PRIMARY KEY (`id`)
) ENGINE=InnoDB  DEFAULT CHARSET=utf8 AUTO_INCREMENT=4 ;

--
-- Dumping data for table `transaction_type`
--

INSERT INTO `transaction_type` (`id`, `name`) VALUES
(1, 'Expense'),
(2, 'Income'),
(3, 'Transfer');

-- --------------------------------------------------------

--
-- Table structure for table `user`
--

CREATE TABLE IF NOT EXISTS `user` (
  `id` int(11) NOT NULL AUTO_INCREMENT,
  `created_at` timestamp NOT NULL DEFAULT CURRENT_TIMESTAMP,
  `name` varchar(255) NOT NULL,
  `username` varchar(50) NOT NULL,
  `email_address` varchar(255) NOT NULL,
  `password` varchar(50) NOT NULL,
  `country_id` int(11) NOT NULL,
  `city` varchar(100) NOT NULL,
  `default_currency_id` int(11) NOT NULL,
  `status` int(2) NOT NULL DEFAULT '0',
  `activation_code` varchar(50) DEFAULT NULL,
  PRIMARY KEY (`id`),
  KEY `email_address` (`email_address`),
  KEY `status` (`status`),
  KEY `fk_user_country_1` (`country_id`)
) ENGINE=InnoDB  DEFAULT CHARSET=utf8 AUTO_INCREMENT=12 ;

--
-- Dumping data for table `user`
--

INSERT INTO `user` (`id`, `created_at`, `name`, `username`, `email_address`, `password`, `country_id`, `city`, `default_currency_id`, `status`, `activation_code`) VALUES
(7, '2012-03-30 22:37:21', 'Tamás', 'Kovács', 'kovacs.tamas.hun@gmail.com', 'f9259ec657dc4c768637a9f5831a4dd4', 97, 'Budapest', 37, 1, NULL),
(8, '2012-04-05 23:36:48', 'Béla', 'Test', 'test@usoft.eu', '111', 97, 'BP', 37, 1, NULL),
(10, '2012-04-22 22:19:11', 'Thomas', 'Smith', 'kovacs.tamas.hun@index.hu', 'f9259ec657dc4c768637a9f5831a4dd4', 226, 'Washington', 92, 1, NULL),
(11, '2012-09-22 11:06:52', 'Ustream', 'Test', 'kovacstamashun@gmail.com', 'f9259ec657dc4c768637a9f5831a4dd4', 97, 'Budapest', 37, 1, NULL);

-- --------------------------------------------------------

--
-- Table structure for table `user_login`
--

CREATE TABLE IF NOT EXISTS `user_login` (
  `id` int(11) NOT NULL AUTO_INCREMENT,
  `user_id` int(11) NOT NULL,
  `login_at` timestamp NOT NULL DEFAULT CURRENT_TIMESTAMP,
  `ip` varchar(50) NOT NULL,
  `session_id` varchar(50) NOT NULL,
  PRIMARY KEY (`id`),
  KEY `user_id` (`user_id`)
) ENGINE=InnoDB DEFAULT CHARSET=utf8 AUTO_INCREMENT=1 ;

--
-- Constraints for dumped tables
--

--
-- Constraints for table `account`
--
ALTER TABLE `account`
  ADD CONSTRAINT `fk_account_account_type_1` FOREIGN KEY (`account_type_id`) REFERENCES `account_type` (`id`),
  ADD CONSTRAINT `fk_account_currency_1` FOREIGN KEY (`currency_id`) REFERENCES `currency` (`id`),
  ADD CONSTRAINT `fk_account_user_1` FOREIGN KEY (`user_id`) REFERENCES `user` (`id`);

--
-- Constraints for table `category`
--
ALTER TABLE `category`
  ADD CONSTRAINT `fk_category_user_1` FOREIGN KEY (`user_id`) REFERENCES `user` (`id`);

--
-- Constraints for table `transaction`
--
ALTER TABLE `transaction`
  ADD CONSTRAINT `fk_transaction_account_1` FOREIGN KEY (`account_id`) REFERENCES `account` (`id`),
  ADD CONSTRAINT `fk_transaction_category_1` FOREIGN KEY (`category_id`) REFERENCES `category` (`id`),
  ADD CONSTRAINT `fk_transaction_status_1` FOREIGN KEY (`transaction_status_id`) REFERENCES `transaction_status` (`id`),
  ADD CONSTRAINT `fk_transaction_transfer_1` FOREIGN KEY (`transfer_transaction_id`) REFERENCES `transaction` (`id`) ON DELETE SET NULL ON UPDATE NO ACTION,
  ADD CONSTRAINT `fk_transaction_type_1` FOREIGN KEY (`transaction_type_id`) REFERENCES `transaction_type` (`id`);

--
-- Constraints for table `user`
--
ALTER TABLE `user`
  ADD CONSTRAINT `fk_user_country_1` FOREIGN KEY (`country_id`) REFERENCES `country` (`id`);

--
-- Constraints for table `user_login`
--
ALTER TABLE `user_login`
  ADD CONSTRAINT `fk_user_login_user_1` FOREIGN KEY (`user_id`) REFERENCES `user` (`id`);

/*!40101 SET CHARACTER_SET_CLIENT=@OLD_CHARACTER_SET_CLIENT */;
/*!40101 SET CHARACTER_SET_RESULTS=@OLD_CHARACTER_SET_RESULTS */;
/*!40101 SET COLLATION_CONNECTION=@OLD_COLLATION_CONNECTION */;
